year_period,Latitude,Longitude,Tmax_wt,Tmax_sp,Tmax_sm,Tmax_at,Tmin_wt,Tmin_sp,Tmin_sm,Tmin_at,Tave_wt,Tave_sp,Tave_sm,Tave_at,PPT_wt,PPT_sp,PPT_sm,PPT_at,TD
1961-1990,54.03333333,-130.2833333,4.4,10,16,11.1,-0.6,2.7,9.6,5,1.9,6.3,12.8,8,768,549,343,906,12.7
1961-1990,52.13333333,-128.1333333,5.4,10.9,17.3,11.7,0.6,3.1,9.7,6,3,7,13.5,8.9,883,649,416,973,11.7
1961-1990,59.45,-135.3,-1.4,9.6,18.4,8.3,-9.1,-0.7,8.4,0.8,-5.2,4.4,13.4,4.6,212,135,140,327,21.1
1961-1990,58.45,-135.75,0.3,8.1,16.6,8.2,-4.7,0.4,7.9,2.3,-2.2,4.3,12.3,5.3,440,260,288,652,16.5
1961-1990,58.4,-134.7,-2.1,6,14.2,5.7,-8,-2,6,-0.1,-5,2,10.1,2.8,593,443,474,947,17
1961-1990,58.33333333,-134.5166667,-0.3,8.3,16.6,7.8,-5.9,0.1,8,2.1,-3.1,4.2,12.3,4.9,441,328,375,713,17.3
1961-1990,57.08333333,-135.1833333,-0.5,6.2,13.6,7,-4.7,-0.6,7.1,1.9,-2.6,2.8,10.4,4.4,1213,771,742,1716,14.8
1961-1990,57.06666667,-135.35,2.7,8.6,15.3,9.8,-2.5,1.3,8.6,3.7,0.1,4.9,12,6.7,777,513,442,1087,13.8
1961-1990,56.78333333,-132.9666667,1.2,9,17.1,9.2,-3.5,1.1,8.4,3.2,-1.2,5,12.8,6.2,751,523,412,1024,15.9
1961-1990,55.66666667,-132.75,2,9.1,18.6,9.7,-2.4,1.5,9.3,4,-0.2,5.3,13.9,6.8,895,599,354,1149,15.9
1961-1990,55.56666667,-133.05,3,9.1,16,10.1,-1.6,2,9.4,4.6,0.7,5.5,12.7,7.4,745,511,344,930,13.9
1961-1990,55.36666667,-131.7,3.4,9.5,17.4,10.5,-1.8,2.3,9.8,4.7,0.8,5.9,13.6,7.6,987,727,492,1265,14.6
1961-1990,55.05,-131.5833333,4.2,9.6,17,10.9,-0.5,3.1,10.1,5.5,1.9,6.4,13.6,8.2,731,567,365,901,13.5
1961-1990,54.25,-130.2666667,0.2,10,16.2,8.8,-4.8,-1.2,7.4,1.7,-2.3,4.4,11.8,5.2,1593,1183,777,1829,16
1961-1990,59.8,-133.7833333,-9.8,4.9,17,3.7,-18.8,-6.8,4.7,-4.5,-14.3,-0.9,10.9,-0.4,124,64,133,129,29
1961-1990,57.48333333,-130.2166667,-7.5,6.3,17.7,4.5,-16.1,-5.8,4.3,-3.8,-11.8,0.3,11,0.4,178,80,153,209,25.7
1961-1990,59.1,-129.7333333,-10.5,6,18.6,3.8,-20.6,-6.9,5.3,-5.4,-15.5,-0.5,12,-0.8,124,58,141,121,30.7
1961-1990,57.46666667,-130.2,-7,6.3,17.4,4.4,-16,-5.9,4.2,-3.9,-11.5,0.2,10.8,0.2,186,86,157,218,25.1
1961-1990,58.66666667,-124.1666667,-10.6,5.6,18.7,4.1,-21,-6.8,6.2,-5.9,-15.8,-0.6,12.4,-0.9,76,137,305,118,32
1961-1990,58.53333333,-122.7,-13.3,7.2,21.2,4.3,-22.3,-5.6,8.3,-5.4,-17.8,0.8,14.7,-0.6,77,101,217,110,36.4
1961-1990,59.9,-122.0833333,-14.4,5.9,21.3,3.8,-23.7,-8,8.4,-5.9,-19.1,-1.1,14.8,-1,75,89,205,102,38
1961-1990,59.98333333,-128.55,-12.6,6.7,20,3.4,-23.7,-7.3,6.5,-6.3,-18.2,-0.3,13.3,-1.5,109,83,189,131,34.6
1961-1990,59.05,-125.7666667,-9.8,6.1,19.1,4.4,-20.4,-7.5,5.4,-5.8,-15.1,-0.7,12.2,-0.7,102,92,220,115,30.4
1961-1990,58.65,-124.7666667,-7.9,4.3,16.3,3.4,-18.4,-7.7,4.7,-5.7,-13.1,-1.7,10.5,-1.1,80,125,343,141,26.3
1961-1990,55.8,-124.8166667,-7.4,7.8,19.5,6.1,-16,-4.5,5.5,-2.8,-11.7,1.7,12.5,1.6,147,99,170,152,27.4
1961-1990,56.03333333,-122.0833333,-6.7,8.3,20.4,7.5,-16.2,-4,7.2,-2.5,-11.5,2.1,13.8,2.5,116,99,192,132,27.9
1961-1990,56.01666667,-120.6166667,-8.2,7.5,19.6,6.3,-18,-4.2,7.4,-3,-13.1,1.7,13.5,1.6,90,84,196,106,29.3
1961-1990,54.93333333,-120.25,-5.2,7.4,19,7.2,-15.7,-4.8,6.2,-2.8,-10.4,1.3,12.6,2.2,184,112,226,173,25.2
1961-1990,54.63333333,-127.4333333,-4.1,6.4,16.7,5.9,-11.7,-3.6,5.2,-1.9,-7.9,1.4,10.9,2,249,121,140,213,21.2
1961-1990,57,-122.4,-7.6,5.6,18.1,5,-16.9,-5.5,5.7,-4.6,-12.3,0.1,11.9,0.2,65,114,260,108,26.9
1961-1990,55.95,-123.8,-6.8,7.1,19.7,7,-14.1,-3.4,6.9,-1.6,-10.5,1.8,13.3,2.7,128,88,156,152,27.1
1961-1990,55.63333333,-127.9,-3.8,9,19.1,7.2,-11.1,-2.4,6.7,-0.8,-7.4,3.3,12.9,3.2,206,133,195,242,22.8
1961-1990,59.5,-139.5,0.7,6.8,14.6,8.1,-5.9,-0.8,7.8,1.4,-2.6,3,11.2,4.8,977,742,704,1444,15.5
1961-1990,59.5,-138.5,-3.8,4.6,13.3,4.8,-7.9,-2.1,6.1,-0.2,-5.9,1.3,9.7,2.3,1334,723,747,1719,17.2
1961-1990,59.5,-137.5,-6.7,2.3,12.7,2.1,-14.7,-7.4,2.8,-5.6,-10.7,-2.5,7.8,-1.7,1172,441,371,1113,20.5
1961-1990,59.5,-136.5,-6.7,4.6,15.7,3.3,-14.8,-5.7,4.5,-4.4,-10.7,-0.5,10.1,-0.6,513,246,171,635,23.8
1961-1990,59.5,-135.5,-7.8,1.6,12.7,1.6,-17.8,-9.2,2,-7.3,-12.8,-3.8,7.3,-2.9,394,182,191,432,22.7
1961-1990,59.5,-134.5,-8.2,2,13.4,1.6,-17.9,-8.9,2.1,-6.8,-13,-3.4,7.7,-2.6,389,146,155,335,23.8
1961-1990,59.5,-133.5,-9.4,2.1,13.5,1.3,-18.7,-8.8,2.8,-6.4,-14,-3.4,8.1,-2.5,152,81,155,149,25.3
1961-1990,59.5,-132.5,-9.3,1,12.7,0.3,-19.7,-9.3,2.2,-7.3,-14.5,-4.1,7.4,-3.5,148,94,288,240,24.4
1961-1990,59.5,-131.5,-8.5,3.8,15.4,2.3,-19.4,-8.3,4.1,-6.4,-13.9,-2.3,9.7,-2,119,79,214,182,26.5
1961-1990,59.5,-130.5,-9.2,2.2,14.5,1.5,-18.4,-8.7,3.6,-6.3,-13.8,-3.2,9.1,-2.4,172,98,165,204,25.9
1961-1990,59.5,-129.5,-7.4,2.6,14.1,1.5,-17.2,-8.4,3.1,-6.4,-12.3,-2.9,8.6,-2.4,188,102,175,215,23
1961-1990,59.5,-128.5,-8.3,5.1,17.1,3.2,-18.8,-7.4,4.6,-5.8,-13.5,-1.2,10.8,-1.3,138,79,168,140,26.8
1961-1990,59.5,-127.5,-11.4,6.3,19.5,3.6,-21.6,-7.2,5.6,-6.2,-16.5,-0.5,12.6,-1.3,111,79,170,115,32.1
1961-1990,59.5,-126.5,-10.6,5.7,18.5,3.6,-21.3,-7.4,5.2,-6.1,-16,-0.9,11.9,-1.3,113,100,216,121,31.2
1961-1990,59.5,-125.5,-9.1,4.8,17.1,3.3,-19.7,-7.7,4.9,-5.9,-14.4,-1.5,11,-1.3,107,143,301,134,28.4
1961-1990,59.5,-124.5,-12.6,6.3,20.4,4.2,-22.7,-7.2,7,-5.8,-17.6,-0.5,13.7,-0.8,90,112,253,114,35
1961-1990,59.5,-123.5,-15.1,6.1,21.6,4,-23.7,-7.7,8.3,-5.7,-19.4,-0.8,15,-0.9,79,106,231,106,38.1
1961-1990,59.5,-122.5,-11.3,6.2,19.5,3.9,-21.5,-6.7,6.9,-5.7,-16.4,-0.2,13.2,-0.9,79,102,234,112,33.5
1961-1990,59.5,-121.5,-13.1,6.1,20.5,3.9,-22.9,-7,8,-5.8,-18,-0.5,14.2,-1,75,85,217,102,36
1961-1990,59.5,-120.5,-13.6,5.7,20.7,3.8,-23,-7.2,8.4,-5.7,-18.3,-0.7,14.5,-1,65,77,218,97,36.6
1961-1990,58.5,-137.5,1.7,7,13.6,8.4,-3.1,1.3,8.5,3.5,-0.7,4.2,11,6,740,552,490,1129,13.5
1961-1990,58.5,-136.5,-0.5,6.6,14.8,7,-5.7,-0.5,7.1,1.3,-3.1,3,10.9,4.2,1120,708,648,1717,15.8
1961-1990,58.5,-135.5,0.2,8.3,16.8,8.4,-5,0.5,8.2,2.4,-2.4,4.4,12.5,5.4,482,269,283,661,16.9
1961-1990,58.5,-134.5,-4.8,2.7,12,2.8,-13.3,-7,2.1,-4.8,-9.1,-2.1,7.1,-1,964,593,776,1680,18.1
1961-1990,58.5,-133.5,-4.3,4.3,13.4,4,-15.8,-6.6,3.7,-4.7,-10,-1.1,8.5,-0.3,975,476,534,1299,20.8
1961-1990,58.5,-132.5,-9.2,6,17.1,4.4,-17.3,-5.7,5.2,-4.1,-13.3,0.1,11.2,0.2,280,117,120,285,28.1
1961-1990,58.5,-131.5,-8.5,1.1,11.3,0.4,-17.5,-10,1.6,-7,-13,-4.5,6.5,-3.3,213,128,328,287,21.3
1961-1990,58.5,-130.5,-7.7,4,14.4,2,-16.7,-7.8,3.2,-5.8,-12.2,-1.9,8.8,-1.9,207,101,213,243,23.3
1961-1990,58.5,-129.5,-7.2,3.3,13.9,1.9,-16.2,-7.9,2.8,-5.9,-11.7,-2.3,8.4,-2,183,135,186,214,21.9
1961-1990,58.5,-128.5,-7.4,2,12.6,0.6,-15.9,-8.6,2.2,-6.3,-11.6,-3.3,7.4,-2.9,217,162,217,248,20.8
1961-1990,58.5,-127.5,-8.2,4.8,16.3,2.9,-17.8,-7.4,3.7,-5.7,-13,-1.3,10,-1.4,138,122,207,172,25.4
1961-1990,58.5,-126.5,-9.8,0.9,12.1,0,-16.7,-9,2.6,-6.7,-13.2,-4.1,7.3,-3.4,174,153,277,227,22.9
1961-1990,58.5,-125.5,-6.9,2.1,13.3,1.5,-15.9,-8.3,3.1,-6.1,-11.4,-3.1,8.2,-2.3,186,178,339,270,21.3
1961-1990,58.5,-124.5,-7.2,2.2,13.8,2.4,-16.9,-8.3,3.6,-5.7,-12,-3,8.7,-1.7,106,159,376,193,22.7
1961-1990,58.5,-123.5,-10.9,6.4,19.6,4.4,-20.9,-6.3,6.5,-5.5,-15.9,0,13.1,-0.6,80,112,258,115,32.8
1961-1990,58.5,-122.5,-12.9,7,20.8,4.3,-21.9,-5.6,8,-5.4,-17.4,0.7,14.4,-0.5,79,101,217,110,35.7
1961-1990,58.5,-121.5,-13.6,6.9,21.3,4.3,-22.3,-5.5,8.6,-5.5,-18,0.7,14.9,-0.6,73,87,195,93,36.4
1961-1990,58.5,-120.5,-13.8,7.2,21.5,4.7,-22,-5.5,8.5,-5.5,-17.9,0.8,15,-0.4,64,80,203,88,36.4
1961-1990,57.5,-135.5,0.9,7.7,15.4,8.5,-4,0.2,7.9,2.6,-1.5,3.9,11.6,5.5,970,653,520,1415,15
1961-1990,57.5,-134.5,1,8.4,16.2,8.8,-3.8,1,8.7,3.3,-1.4,4.7,12.4,6.1,429,270,243,627,15.6
1961-1990,57.5,-133.5,0.4,8,16.4,8.5,-4.7,0.4,7.7,2.2,-2.1,4.2,12.1,5.3,593,373,356,797,15.9
1961-1990,57.5,-132.5,-7.8,0.2,10,0.7,-15.3,-9.2,0.8,-6.7,-11.5,-4.5,5.4,-3,1520,774,750,1843,18.9
1961-1990,57.5,-131.5,-8.5,-1.7,8.7,-0.9,-14.7,-9,0,-7.4,-11.6,-5.4,4.4,-4.2,1028,430,227,1058,17.5
1961-1990,57.5,-130.5,-6.9,5.1,15.3,3.1,-15.5,-6.8,3.3,-4.6,-11.2,-0.9,9.3,-0.7,270,121,209,295,22.7
1961-1990,57.5,-129.5,-6.9,5.2,15.1,2.9,-15.3,-6.8,2.9,-5.1,-11.1,-0.8,9,-1.1,162,120,175,187,22.1
1961-1990,57.5,-128.5,-8.5,0.3,10.3,-0.9,-15.5,-9,0.7,-7.1,-12,-4.3,5.5,-4,305,198,208,342,18.8
1961-1990,57.5,-127.5,-7.5,1.7,11.9,0.4,-15.4,-8.3,1.9,-6.2,-11.4,-3.3,6.9,-2.9,224,156,278,244,19.8
1961-1990,57.5,-126.5,-9.2,1.1,12,0.1,-16.4,-8.8,2,-6.5,-12.8,-3.9,7,-3.2,222,148,291,269,21.9
1961-1990,57.5,-125.5,-7.8,4,15.9,2.8,-17,-7.1,3.9,-5.3,-12.4,-1.5,9.9,-1.3,145,121,240,185,24.7
1961-1990,57.5,-124.5,-9.4,-1,10.5,-0.7,-17.1,-9.8,1.1,-7.6,-13.3,-5.4,5.8,-4.1,190,169,304,247,21
1961-1990,57.5,-123.5,-6.9,3.4,15.3,3.4,-16.3,-7.1,4.3,-5.3,-11.6,-1.9,9.8,-1,157,148,289,187,23.8
1961-1990,57.5,-122.5,-8,5.6,18.1,4.9,-17.4,-5.9,5.5,-4.8,-12.7,-0.1,11.8,0,77,124,270,115,27.2
1961-1990,57.5,-121.5,-9.8,6.8,19.8,5.4,-19.4,-5.3,6.6,-4.6,-14.6,0.7,13.2,0.4,81,99,246,106,31
1961-1990,57.5,-120.5,-9.2,7.1,19.6,5.7,-19,-4.8,7.2,-4.2,-14.1,1.1,13.4,0.7,75,87,222,100,30.6
1961-1990,56.5,-134.5,3.1,8.3,15.5,9.6,-1.5,2,8.9,4.5,0.8,5.2,12.2,7,1076,717,505,1313,13.1
1961-1990,56.5,-133.5,0.7,7.3,15.7,7.8,-4,0.1,7.7,2.4,-1.7,3.7,11.7,5.1,733,492,356,877,14.8
1961-1990,56.5,-132.5,2,9.2,17.3,9.8,-2.5,2,9.1,4.1,-0.3,5.6,13.2,6.9,579,413,352,826,15.3
1961-1990,56.5,-131.5,-5.6,3.4,13.4,3,-12.1,-5,3.7,-3.2,-8.8,-0.8,8.6,-0.1,1272,536,302,1305,19.2
1961-1990,56.5,-130.5,-3.4,8.1,17.6,6.6,-8,-0.9,7.5,1,-5.7,3.6,12.5,3.8,615,276,204,640,20.3
1961-1990,56.5,-129.5,-4.9,7.3,18.4,5.6,-11.9,-3.4,5.1,-1.7,-8.4,1.9,11.8,2,276,140,173,319,22.5
1961-1990,56.5,-128.5,-6.2,4.1,14.7,3,-12.9,-5.4,3.9,-3.6,-9.5,-0.6,9.3,-0.3,216,147,235,271,20.7
1961-1990,56.5,-127.5,-6.1,6.7,18,5,-14.2,-4.6,4.7,-3,-10.1,1.1,11.4,1,173,119,202,202,24.1
1961-1990,56.5,-126.5,-7.9,0.7,11.1,0.8,-16.2,-8.6,1.3,-6.5,-12,-3.9,6.2,-2.8,179,136,255,210,20
1961-1990,56.5,-125.5,-7.9,5.8,16.9,4.2,-16.4,-6,3.5,-4.5,-12.2,-0.1,10.2,-0.2,177,106,185,180,25.6
1961-1990,56.5,-124.5,-8.5,7.6,19.7,6,-16.6,-4.4,6.2,-2.9,-12.5,1.6,12.9,1.5,125,79,153,128,28.9
1961-1990,56.5,-123.5,-7.6,4.2,16.2,3.7,-17,-7.1,4.4,-5.1,-12.3,-1.5,10.3,-0.7,175,125,210,194,25.1
1961-1990,56.5,-122.5,-7.5,7.4,19.9,6.7,-16.5,-4.7,6.2,-3.5,-12,1.3,13.1,1.6,84,113,234,112,27.9
1961-1990,56.5,-121.5,-8.5,8,20.4,6.5,-17.9,-4.3,7.2,-3.4,-13.2,1.8,13.8,1.5,75,89,204,101,30
1961-1990,56.5,-120.5,-8.8,8.1,20.5,6.6,-19,-4.3,7.7,-3.4,-13.9,1.9,14.1,1.6,74,78,193,93,31
1961-1990,55.5,-133.5,2.4,8.4,15.7,9.3,-1.9,1.7,9,4.2,0.2,5.1,12.4,6.8,857,580,411,1083,13.9
1961-1990,55.5,-132.5,2.9,9.5,17.7,10.1,-1.9,1.8,9.3,4.3,0.5,5.6,13.5,7.2,733,495,318,967,14.7
1961-1990,55.5,-131.5,3.3,9.6,17.6,10.5,-1.8,2.4,9.9,4.9,0.8,6,13.7,7.7,960,696,508,1184,14.8
1961-1990,55.5,-130.5,-2.6,7.6,15.6,5.7,-9.1,-2.1,5.8,-0.6,-5.8,2.8,10.7,2.6,1456,969,647,1612,18
1961-1990,55.5,-129.5,-1.8,8.3,18,7,-8,-1.1,7.2,0.6,-4.9,3.6,12.6,3.8,601,265,198,636,19.4
1961-1990,55.5,-128.5,-5,3.8,13.1,3.9,-12.2,-5.4,4,-3.2,-8.6,-0.8,8.6,0.4,643,305,262,630,19.3
1961-1990,55.5,-127.5,-5.8,2.1,12.2,2.4,-12.7,-6.4,3.2,-3.9,-9.3,-2.1,7.7,-0.8,349,241,247,377,18.8
1961-1990,55.5,-126.5,-5.3,6.4,17.2,5.8,-13.4,-4.7,4.2,-2.7,-9.3,0.9,10.7,1.5,226,124,195,220,22.6
1961-1990,55.5,-125.5,-6.5,5.5,16.2,4.8,-15.4,-5.6,2.9,-4.2,-11,0,9.5,0.3,197,118,185,200,23.3
1961-1990,55.5,-124.5,-7.6,3.8,14.5,3.2,-15.3,-6.6,3,-5.1,-11.4,-1.4,8.8,-1,289,195,237,275,22
1961-1990,55.5,-123.5,-6.6,8,20.2,7,-15,-4,6.2,-2.1,-10.8,2,13.2,2.4,180,113,142,182,26.9
1961-1990,55.5,-122.5,-6,8.1,20,7.2,-14.5,-3.7,6.4,-2,-10.2,2.2,13.2,2.6,288,167,175,252,26.1
1961-1990,55.5,-121.5,-6.4,7.2,18.7,6.3,-15.3,-4.4,6.3,-2.5,-10.9,1.4,12.5,1.9,181,134,205,188,25.6
1961-1990,55.5,-120.5,-6.4,7.7,19.3,6.8,-16.3,-4.6,6.5,-2.9,-11.4,1.6,12.9,2,117,98,211,123,26.4
1961-1990,54.5,-130.5,4.5,9.6,16,10.9,-0.8,2.8,9.8,5.2,1.9,6.2,12.9,8.1,702,506,358,862,12.9
1961-1990,54.5,-129.5,-0.5,9.1,18.1,8.2,-6.4,-0.6,8.1,1.6,-3.4,4.2,13.1,4.9,944,489,307,945,18.6
1961-1990,54.5,-128.5,-0.2,10.7,20.6,9.5,-5.2,1.2,9.7,3.3,-2.7,6,15.1,6.4,518,212,163,508,20.2
1961-1990,54.5,-127.5,-6.1,1.8,12,2.6,-12.4,-6.3,2.9,-3.7,-9.3,-2.3,7.4,-0.6,564,230,190,401,18.5
1961-1990,54.5,-126.5,-3.8,9,19.7,7.8,-12.8,-3.1,5.7,-1.8,-8.3,2.9,12.7,3,130,75,131,133,23.7
1961-1990,54.5,-125.5,-4.9,6.4,17.3,6.2,-12.5,-3.8,5.6,-1.8,-8.7,1.3,11.4,2.2,184,106,139,158,22.8
1961-1990,54.5,-124.5,-4.6,9.4,20.7,8.4,-14.4,-3.3,6.5,-1.8,-9.5,3.1,13.6,3.3,144,91,135,147,26.3
1961-1990,54.5,-123.5,-5.7,8.7,20,7.4,-14.4,-3.5,6.4,-2.1,-10,2.6,13.2,2.6,203,125,155,199,26.2
1961-1990,54.5,-122.5,-5.9,7.6,19,6.2,-13.8,-3.8,6.2,-2.1,-9.8,1.9,12.6,2.1,305,192,208,305,25.2
1961-1990,54.5,-121.5,-6.2,2.5,12.9,2.8,-14.1,-6.4,4.1,-3.5,-10.1,-1.9,8.5,-0.4,435,303,345,471,20.5
1961-1990,54.5,-120.5,-6.7,3.4,14.4,3.5,-13.1,-5.4,5.2,-2.8,-9.9,-1,9.8,0.4,417,248,269,391,21.5
1961-1990,53.5,-132.5,2.4,7.5,15.2,9,-1.5,1,8,3.9,0.4,4.2,11.6,6.4,1044,603,276,1025,12.9
1961-1990,53.5,-130.5,4.9,9.4,15.8,11.3,0.4,2.9,9.7,5.7,2.7,6.1,12.7,8.5,744,519,321,820,11.8
1961-1990,53.5,-129.5,1.5,10,17.5,9.9,-3.3,1.5,9.7,3.9,-0.9,5.7,13.6,6.9,1737,1162,667,1977,16.9
1961-1990,53.5,-128.5,-2.4,4.6,14,5.9,-8.2,-2.6,5.7,0,-5.3,1,9.9,3,1806,944,398,1935,18.3
1961-1990,53.5,-127.5,-3.5,6.6,16.9,6.8,-11.2,-4.1,4.8,-1.4,-7.4,1.3,10.9,2.7,534,266,187,580,20.4
1961-1990,53.5,-126.5,-5.1,5.8,15.6,5.2,-11.9,-5,4.3,-2.4,-8.5,0.4,10,1.4,277,155,170,310,20.6
1961-1990,53.5,-125.5,-4.9,7,17.4,6.8,-12.5,-4.5,5,-2.2,-8.7,1.2,11.2,2.3,150,82,158,165,22.3
1961-1990,53.5,-124.5,-3.1,8.9,19.2,8.1,-13.7,-4.6,5.1,-2.9,-8.4,2.1,12.1,2.6,142,84,157,168,23.1
1961-1990,53.5,-123.5,-4.1,10.2,20.9,8.6,-13.6,-3.4,6,-2.5,-8.8,3.4,13.5,3.1,153,93,154,150,25.2
1961-1990,53.5,-122.5,-4.2,9.2,20.1,7.9,-12.5,-3,6.3,-1.7,-8.3,3.1,13.2,3.1,182,117,203,190,24.6
1961-1990,53.5,-121.5,-3.1,8.8,19.8,8.3,-11.7,-3.3,5.7,-1.7,-7.4,2.8,12.8,3.3,264,165,247,249,22.7
1961-1990,53.5,-120.5,-3.1,10.3,20.6,8.4,-11.1,-2.2,6.6,-0.8,-7.1,4,13.6,3.8,201,141,235,214,23.3
1961-1990,52.5,-131.5,3.6,8.7,16.4,10.3,-0.6,1.7,8.6,4.6,1.5,5.2,12.5,7.4,1339,845,389,1386,12.7
1961-1990,52.5,-128.5,2.5,9.6,17.1,10.3,-1.7,2.1,9.4,4.8,0.4,5.8,13.3,7.5,1328,887,527,1383,14.8
1961-1990,52.5,-127.5,-0.2,8.8,17.4,8.2,-5.3,-0.4,7.7,2,-2.8,4.2,12.5,5.1,1259,803,491,1389,17.2
1961-1990,52.5,-126.5,-1.7,6.8,15.6,6.5,-9.8,-3.8,4.9,-1.4,-5.7,1.5,10.3,2.5,589,261,189,644,18.1
1961-1990,52.5,-125.5,-2.6,8.3,18.3,8.1,-15.1,-5.6,3.1,-4.5,-8.9,1.4,10.7,1.8,208,102,119,211,21.6
1961-1990,52.5,-124.5,-2.5,8.1,18.8,8,-15.8,-5.9,3,-4.9,-9.1,1.1,10.9,1.6,129,87,137,130,22.1
1961-1990,52.5,-123.5,-3,9.4,19.8,8.6,-15.3,-4.5,4.5,-3.8,-9.1,2.5,12.2,2.4,100,68,150,111,24
1961-1990,52.5,-122.5,-2.5,11.3,22,9.8,-12.2,-2.1,7.1,-1.3,-7.3,4.6,14.5,4.2,117,81,156,112,24.7
1961-1990,52.5,-121.5,-1.7,11.8,22.7,10.6,-11,-2,7.1,-0.7,-6.4,4.9,14.9,4.9,162,106,174,141,24.1
1961-1990,52.5,-120.5,-6.1,4,14.6,3.7,-12.2,-5.6,4,-3.6,-9.1,-0.8,9.3,0.1,453,279,305,400,20.4
1961-1990,52.5,-119.5,-4.2,7.4,18,6,-11.6,-3.4,6.5,-1.7,-7.9,2,12.2,2.2,474,268,286,397,22.3
1961-1990,52.5,-118.5,-8.6,1,10.9,-0.1,-15.5,-7.8,2.3,-6.3,-12,-3.4,6.6,-3.2,576,263,261,443,20.3
1961-1990,51.5,-127.5,4.7,9.9,16.5,10.8,-0.8,2,8.8,4.6,1.9,6,12.6,7.7,910,594,450,1044,11.9
1961-1990,51.5,-126.5,-2,3.6,11.9,5.2,-10.4,-6.3,2.5,-2.5,-6.2,-1.3,7.2,1.3,1673,927,544,1700,15.6
1961-1990,51.5,-125.5,-3.8,1.9,11,3.5,-12,-7.5,1.6,-4,-7.9,-2.8,6.3,-0.2,1083,518,172,992,16.2
1961-1990,51.5,-124.5,-2.3,4.7,14.3,5.6,-11.7,-6.1,2.5,-3.6,-7,-0.7,8.4,1,254,160,195,255,17.1
1961-1990,51.5,-123.5,-3.3,4.9,15.1,6.1,-12.8,-6.2,2.7,-3.5,-8,-0.7,8.9,1.3,308,155,137,280,18.9
1961-1990,51.5,-122.5,-3.8,8.7,19.5,8,-11.7,-3.2,5.7,-2.1,-7.8,2.7,12.6,3,144,99,116,128,22.5
1961-1990,51.5,-121.5,-2.4,9.7,20.5,8.9,-11.8,-3.1,5.6,-2.4,-7.1,3.3,13.1,3.2,117,87,142,106,22.6
1961-1990,51.5,-120.5,-3,7,17.7,7.1,-13.5,-5.3,4,-3.2,-8.3,0.9,10.9,1.9,162,127,210,141,21
1961-1990,51.5,-119.5,-2.1,11.6,23.1,9.6,-10,-1.1,8.6,0.2,-6.1,5.2,15.9,4.9,236,119,175,183,24.5
1961-1990,51.5,-118.5,-2.3,12.2,24.2,9.3,-8.2,0,8.9,1.2,-5.3,6.1,16.5,5.3,391,152,166,284,24.4
1961-1990,51.5,-117.5,-4.2,10.8,22.5,8.3,-11.3,-1.8,7.6,-0.7,-7.8,4.5,15,3.8,341,112,105,222,25.5
1961-1990,51.5,-116.5,-6.8,5.1,16.4,4.1,-15.3,-6,3.8,-4.8,-11.1,-0.5,10.1,-0.4,364,159,238,229,23.1
1961-1990,50.5,-127.5,5.1,10.6,18.4,11.9,-0.3,2.3,8.8,4.6,2.4,6.4,13.6,8.2,1278,710,274,1122,12.7
1961-1990,50.5,-126.5,5.5,11.9,18.8,12.6,0.9,3.9,9.9,5.6,3.2,7.9,14.3,9.1,565,300,193,537,12.6
1961-1990,50.5,-125.5,2,9.8,18.4,9.9,-2.3,1.7,8.9,3.8,-0.1,5.8,13.6,6.8,1034,628,259,905,15.1
1961-1990,50.5,-124.5,0.4,7.7,17.2,8.6,-7.2,-2.6,6.7,0.7,-3.4,2.6,12,4.6,994,643,312,941,17.1
1961-1990,50.5,-123.5,-1.8,5.5,15.7,6.7,-8.9,-4,4.8,-1.5,-5.3,0.8,10.2,2.6,769,388,203,632,17.2
1961-1990,50.5,-122.5,-0.7,11.6,22.3,10.4,-7.3,-0.6,7.8,0.9,-4,5.5,15,5.7,265,106,98,232,20.9
1961-1990,50.5,-121.5,-3.2,7,17.7,7,-10.8,-3.2,6.4,-1.5,-7,1.9,12,2.8,146,81,95,113,21
1961-1990,50.5,-120.5,-1.6,8,19.1,8.1,-12,-3.2,5.6,-2.4,-6.8,2.4,12.3,2.9,138,80,117,112,21.1
1961-1990,50.5,-119.5,-1.5,11.8,23.2,10.6,-8.4,-0.4,8.1,0.5,-5,5.7,15.7,5.5,157,108,128,127,22.9
1961-1990,50.5,-118.5,-3,6.8,17.7,6.5,-10.9,-3.5,6.3,-1.7,-6.9,1.6,12,2.4,368,239,244,301,21.4
1961-1990,50.5,-117.5,-6.1,3.6,13,1.5,-12.1,-5.7,3.8,-4.4,-9.1,-1.1,8.4,-1.4,624,327,313,467,19.8
1961-1990,50.5,-116.5,-10.1,-3.3,6.9,-2.4,-17.1,-10.4,0.2,-8.5,-13.6,-6.9,3.5,-5.4,556,308,317,441,18.9
1961-1990,50.5,-115.5,-7.3,2.5,14.6,3,-14.5,-6.4,4.3,-4.8,-10.9,-2,9.5,-0.9,279,233,276,228,22.7
1961-1990,49.5,-126.5,6.2,11.4,18,12.8,0.7,3.3,9.8,5.6,3.4,7.4,13.9,9.2,1389,813,386,1154,11.8
1961-1990,49.5,-125.5,-0.3,5.7,15.4,8,-6.1,-2.9,5.4,0.7,-3.2,1.4,10.4,4.3,1648,877,309,1292,15.5
1961-1990,49.5,-124.5,6.1,13.5,22.2,13.8,0.5,3.9,11.2,5.6,3.3,8.7,16.7,9.7,460,199,94,337,14.7
1961-1990,49.5,-123.5,6,12.8,20.8,13.4,1.1,4.9,12,6.7,3.5,8.8,16.4,10,816,440,208,656,14.4
1961-1990,49.5,-122.5,3.4,10.3,19.2,11.3,-2.2,1.6,9.1,4.1,0.6,5.9,14.1,7.7,1334,801,384,1084,15.4
1961-1990,49.5,-121.5,1.5,11.1,21,11.3,-4,1.5,9.4,3.3,-1.3,6.3,15.2,7.3,775,362,209,592,18.6
1961-1990,49.5,-120.5,-0.3,13.3,24.8,12.8,-8.8,-0.4,8.1,0.2,-4.6,6.4,16.4,6.5,160,83,92,105,23.6
1961-1990,49.5,-119.5,-1.6,10.3,21.9,9.9,-8.4,-1.1,7.8,0.1,-5,4.6,14.9,5,161,117,121,117,21.8
1961-1990,49.5,-118.5,-1.4,10.7,22.7,10.3,-9.3,-1.8,7,-0.7,-5.3,4.5,14.8,4.8,247,148,132,181,22.5
1961-1990,49.5,-117.5,-1.7,9.8,21.5,9,-7.6,-0.6,9,1,-4.7,4.6,15.2,5,384,225,172,284,22.3
1961-1990,49.5,-116.5,-4.4,5.3,16.9,5.8,-11.9,-3.6,6.3,-2.3,-8.1,0.8,11.6,1.7,374,223,183,290,21.9
1961-1990,49.5,-115.5,-1.1,12.3,24.5,11.5,-9.9,-0.7,8.2,-0.5,-5.5,5.8,16.3,5.5,126,104,123,108,24.7
1961-1990,48.5,-124.5,7.4,11.3,16.9,13.2,2.1,4.5,10.1,6.7,4.8,7.9,13.5,9.9,1055,524,202,768,9.9
1961-1990,48.5,-123.5,6,12.6,21.1,13.4,1,3.9,10.3,5.9,3.5,8.3,15.7,9.6,474,182,69,311,13.7
1991-2000,54.03333333,-130.2833333,5.7,10.5,16,11.5,0.9,4.1,10.5,6.1,3.3,7.3,13.2,8.8,674,435,303,760,11.8
1991-2000,52.13333333,-128.1333333,6.6,11.5,17.7,12.2,2.1,4.7,10.9,7,4.4,8.1,14.3,9.6,786,591,427,913,11.3
1991-2000,59.45,-135.3,-0.8,10.3,18.9,8.5,-8.3,-0.2,9.1,1.5,-4.5,5.1,14,5,216,132,121,324,21.7
1991-2000,58.45,-135.75,1.3,9,16.9,8.5,-3.4,1.2,8.8,3.2,-1.1,5.1,12.9,5.8,420,239,263,615,16.2
1991-2000,58.4,-134.7,-1,7.2,14.9,6.2,-6.6,-1,7,0.9,-3.8,3.1,11,3.6,537,396,432,873,17
1991-2000,58.33333333,-134.5166667,0.8,9.5,17.3,8.3,-4.6,1.1,9.1,3,-1.9,5.3,13.2,5.7,399,289,340,654,17.4
1991-2000,57.08333333,-135.1833333,0.9,7.5,14.3,7.5,-3.4,0.4,7.9,2.6,-1.3,3.9,11.1,5.1,1202,702,767,1669,14.3
1991-2000,57.06666667,-135.35,4,9.9,16.1,10.3,-1.2,2.2,9.5,4.4,1.4,6.1,12.8,7.4,773,469,455,1052,13.1
1991-2000,56.78333333,-132.9666667,2.3,10.3,17.9,9.6,-2.7,1.9,9.4,3.7,-0.2,6.1,13.6,6.7,710,503,434,998,16.3
1991-2000,55.66666667,-132.75,3.1,10.2,18.8,10.2,-1.3,2.5,10.1,4.7,0.9,6.4,14.4,7.5,879,598,368,1183,15.4
1991-2000,55.56666667,-133.05,4.2,10.2,16.2,10.7,-0.4,3,10.1,5.3,1.9,6.6,13.2,8,735,513,362,953,13.1
1991-2000,55.36666667,-131.7,4.3,10.4,17.6,10.8,-0.6,3.4,10.7,5.5,1.9,6.9,14.1,8.2,976,665,469,1258,14.3
1991-2000,55.05,-131.5833333,5.3,10.4,17.1,11.2,0.8,4.3,11,6.4,3,7.3,14.1,8.8,704,484,331,867,13
1991-2000,54.25,-130.2666667,1.3,10.5,16.1,9.1,-3.3,0.2,8.3,2.8,-1,5.4,12.2,6,1414,941,681,1581,15.3
1991-2000,59.8,-133.7833333,-9.3,6.1,17.8,4,-18.1,-6.2,5.4,-3.8,-13.7,-0.1,11.6,0.1,112,49,112,118,29.9
1991-2000,57.48333333,-130.2166667,-7.1,7.4,17.9,4.6,-15.4,-5.1,4.8,-3.5,-11.2,1.1,11.3,0.5,158,71,162,183,26.5
1991-2000,59.1,-129.7333333,-10.3,7.5,19.1,3.9,-20.6,-6.2,5.7,-5.2,-15.5,0.6,12.4,-0.7,95,41,136,110,32.2
1991-2000,57.46666667,-130.2,-6.6,7.3,17.6,4.4,-15.3,-5.3,4.7,-3.6,-11,1,11.2,0.4,166,76,167,191,26
1991-2000,58.66666667,-124.1666667,-9.3,7.4,18.7,4.5,-20.5,-5.6,6.6,-5.6,-14.9,0.9,12.7,-0.6,60,112,347,116,31.7
1991-2000,58.53333333,-122.7,-11.8,9.2,21.7,5,-22.4,-4.6,8.7,-5.5,-17.1,2.3,15.2,-0.3,63,76,258,109,36.4
1991-2000,59.9,-122.0833333,-13.3,7.7,21.7,4.5,-23.9,-7.3,8.9,-5.8,-18.6,0.2,15.3,-0.7,66,70,226,99,38.1
1991-2000,59.98333333,-128.55,-12.3,8.2,20.7,3.3,-23.6,-6.4,7,-6.2,-18,0.9,13.8,-1.5,99,68,179,134,36
1991-2000,59.05,-125.7666667,-9,7.7,19,4.5,-19.7,-6.1,5.9,-5.3,-14.4,0.8,12.4,-0.4,82,74,224,111,30.6
1991-2000,58.65,-124.7666667,-6.7,5.8,16,3.6,-17.6,-6.5,5,-5.3,-12.1,-0.3,10.5,-0.8,63,104,379,138,25.7
1991-2000,55.8,-124.8166667,-6.6,8.8,18.6,5.7,-13.3,-3.1,5.2,-1.7,-9.9,2.8,11.9,2,149,88,173,162,25.8
1991-2000,56.03333333,-122.0833333,-5.2,9.9,20.2,7.6,-13.9,-2.4,6.5,-1.9,-9.6,3.7,13.4,2.9,93,80,204,120,26.8
1991-2000,56.01666667,-120.6166667,-7.5,8.9,19.8,6.4,-17,-3,7.1,-2.9,-12.3,2.9,13.5,1.7,75,68,198,105,29.7
1991-2000,54.93333333,-120.25,-4,8.5,18.9,7.5,-14.4,-3.8,6.1,-2.4,-9.2,2.4,12.5,2.6,128,96,207,154,25.1
1991-2000,54.63333333,-127.4333333,-3.5,7.4,16.8,6.2,-10.6,-3,6,-1.5,-7,2.2,11.4,2.4,230,116,157,217,21.6
1991-2000,57,-122.4,-6.1,7.5,17.8,5.2,-15.1,-4.1,5,-4.3,-10.6,1.7,11.4,0.4,60,94,286,105,25.2
1991-2000,55.95,-123.8,-5.5,8.3,18.9,6.8,-11.2,-1.8,6.2,-0.5,-8.4,3.3,12.5,3.2,121,76,162,153,25.1
1991-2000,55.63333333,-127.9,-3.3,9.8,18.8,7,-9.7,-1.7,7.2,-0.3,-6.5,4,13,3.4,199,145,219,241,23.1
1991-2000,59.5,-139.5,1.5,7.9,15,8.4,-5.1,-0.4,8,1.4,-1.8,3.8,11.5,4.9,956,718,677,1384,15.7
1991-2000,59.5,-138.5,-3.2,5.4,13.5,4.9,-7.2,-1.8,6.3,-0.1,-5.2,1.8,9.9,2.4,1331,667,676,1664,17.4
1991-2000,59.5,-137.5,-6.3,2.6,12.6,2,-14,-7.2,3,-5.4,-10.2,-2.3,7.8,-1.7,1187,408,304,1069,20.6
1991-2000,59.5,-136.5,-6.3,5,15.7,3.2,-14,-5.4,4.8,-4,-10.2,-0.2,10.3,-0.4,546,236,145,620,24.1
1991-2000,59.5,-135.5,-7.2,2.3,13.1,1.7,-16.9,-8.8,2.5,-6.6,-12.1,-3.2,7.8,-2.4,402,181,163,428,23.2
1991-2000,59.5,-134.5,-7.7,3,14,1.9,-17.2,-8.4,2.7,-6,-12.4,-2.7,8.3,-2,362,130,129,311,24.4
1991-2000,59.5,-133.5,-9,3.3,14.3,1.7,-18.1,-8.2,3.4,-5.6,-13.5,-2.5,8.9,-2,132,60,133,132,26.2
1991-2000,59.5,-132.5,-8.9,2.4,13.5,0.7,-19.3,-8.7,2.8,-6.7,-14.1,-3.2,8.2,-3,127,67,260,231,25.6
1991-2000,59.5,-131.5,-8.2,5.4,16.3,2.7,-19.3,-7.8,4.6,-6,-13.8,-1.2,10.4,-1.7,102,55,202,181,27.8
1991-2000,59.5,-130.5,-9,3.7,15.2,1.6,-18.5,-8.1,4,-6.1,-13.8,-2.2,9.6,-2.2,146,69,158,203,27.4
1991-2000,59.5,-129.5,-7.3,4.1,14.6,1.5,-17.2,-7.6,3.5,-6.2,-12.2,-1.8,9.1,-2.4,162,77,167,213,24.5
1991-2000,59.5,-128.5,-8.1,6.7,17.5,3.1,-18.7,-6.5,5,-5.6,-13.4,0.1,11.3,-1.2,120,63,157,139,28.2
1991-2000,59.5,-127.5,-11.1,7.9,19.9,3.6,-21.4,-6,6.2,-6,-16.2,0.9,13,-1.2,95,64,159,115,33.3
1991-2000,59.5,-126.5,-10.2,7.3,18.8,3.5,-21.1,-6.2,5.8,-5.8,-15.6,0.6,12.3,-1.1,93,79,205,118,32.2
1991-2000,59.5,-125.5,-8.6,6.5,17.5,3.4,-19.6,-6.5,5.5,-5.7,-14.1,0,11.5,-1.2,85,112,298,129,29.3
1991-2000,59.5,-124.5,-11.9,8.1,20.9,4.5,-22.7,-6.1,7.7,-5.6,-17.3,1,14.3,-0.5,72,88,268,109,35.9
1991-2000,59.5,-123.5,-14.2,8.1,22.2,4.5,-24,-6.8,9,-5.6,-19.1,0.7,15.6,-0.6,65,81,256,102,38.7
1991-2000,59.5,-122.5,-10.1,8.2,20.1,4.6,-21.8,-5.8,7.5,-5.7,-16,1.2,13.8,-0.5,67,78,266,109,33.8
1991-2000,59.5,-121.5,-11.7,8,20.9,4.7,-23.2,-6.2,8.6,-5.8,-17.4,0.9,14.8,-0.6,66,69,253,103,36
1991-2000,59.5,-120.5,-12,7.6,20.9,4.6,-23,-6.3,9.2,-5.7,-17.5,0.6,15,-0.6,57,68,260,101,36.3
1991-2000,58.5,-137.5,2.2,7.5,13.4,8.4,-2,1.8,8.9,4,0.1,4.6,11.1,6.2,712,497,443,1055,13.1
1991-2000,58.5,-136.5,0.3,7.3,14.9,7.2,-4.4,0.2,7.8,2,-2.1,3.7,11.4,4.6,1087,649,594,1628,15.4
1991-2000,58.5,-135.5,1.2,9.2,17.2,8.8,-3.7,1.3,9.2,3.3,-1.3,5.3,13.2,6,456,248,258,621,16.7
1991-2000,58.5,-134.5,-3.8,3.8,12.6,3.3,-12.2,-6.1,3.1,-3.9,-8,-1.1,7.9,-0.3,856,518,689,1599,18.2
1991-2000,58.5,-133.5,-3.5,5.6,14.2,4.5,-14.9,-5.9,4.7,-3.9,-9.2,-0.1,9.4,0.3,818,379,479,1170,21.5
1991-2000,58.5,-132.5,-8.7,7.3,17.9,4.9,-16.8,-5,6,-3.5,-12.8,1.1,12,0.7,224,81,111,235,29.3
1991-2000,58.5,-131.5,-8.2,2.5,12.1,0.7,-17.3,-9.5,2.3,-6.7,-12.8,-3.5,7.2,-3,162,91,316,241,22.7
1991-2000,58.5,-130.5,-7.5,5.4,15,2.2,-16.6,-7.2,3.7,-5.6,-12.1,-0.9,9.4,-1.7,152,70,211,199,24.8
1991-2000,58.5,-129.5,-7,4.7,14.1,1.9,-15.9,-7.1,3.2,-5.6,-11.4,-1.2,8.6,-1.8,136,98,187,180,23
1991-2000,58.5,-128.5,-6.9,3.2,12.3,0.5,-15.1,-7.6,2.4,-5.9,-11,-2.2,7.4,-2.7,173,125,215,217,21.2
1991-2000,58.5,-127.5,-7.4,6,15.7,2.8,-16.6,-6,3.9,-5.1,-12,0,9.8,-1.2,117,101,203,157,25
1991-2000,58.5,-126.5,-8.7,2,11.3,0,-15.2,-7.5,2.8,-6,-12,-2.7,7,-3,148,129,281,214,22
1991-2000,58.5,-125.5,-5.7,3.3,12.5,1.5,-14.5,-6.8,3.3,-5.4,-10.1,-1.7,7.9,-1.9,153,147,360,259,20.2
1991-2000,58.5,-124.5,-5.9,3.7,13.4,2.6,-15.9,-7,3.8,-5.3,-10.9,-1.7,8.6,-1.4,84,131,420,188,21.9
1991-2000,58.5,-123.5,-9.5,8.3,19.7,4.9,-20.6,-5.2,6.8,-5.4,-15.1,1.5,13.3,-0.2,64,89,301,113,32.5
1991-2000,58.5,-122.5,-11.4,9.2,21.3,5.1,-22.1,-4.6,8.4,-5.6,-16.8,2.3,14.9,-0.2,65,77,260,109,35.7
1991-2000,58.5,-121.5,-12.1,9.1,21.7,5,-22.7,-4.6,9.2,-5.8,-17.4,2.2,15.4,-0.4,62,70,240,95,36.5
1991-2000,58.5,-120.5,-12.4,9.2,21.7,5.4,-22.4,-4.5,9.4,-5.9,-17.4,2.3,15.5,-0.2,56,71,259,94,36.4
1991-2000,57.5,-135.5,2.3,8.9,16,9,-2.5,1.2,8.8,3.4,-0.1,5,12.4,6.2,949,591,508,1344,14.4
1991-2000,57.5,-134.5,2.4,9.7,17,9.4,-2.5,2,9.7,4.1,0,5.9,13.4,6.7,411,243,241,590,15.5
1991-2000,57.5,-133.5,1.6,9.3,17.3,8.9,-3.6,1.3,8.7,2.9,-1,5.3,13,5.9,546,330,353,733,16.3
1991-2000,57.5,-132.5,-7.1,1.4,10.6,0.9,-14.7,-8.6,1.5,-6.3,-10.9,-3.6,6,-2.7,1326,663,749,1629,19.5
1991-2000,57.5,-131.5,-8.1,-0.5,9.3,-0.8,-14.2,-8.4,0.7,-7.1,-11.2,-4.5,5,-4,905,361,235,916,18.3
1991-2000,57.5,-130.5,-6.5,6.2,15.7,3.2,-14.9,-6.2,3.8,-4.4,-10.7,0,9.7,-0.6,239,105,222,257,23.6
1991-2000,57.5,-129.5,-6.4,6.1,14.9,2.8,-14.3,-6,3.2,-4.7,-10.3,0.1,9.1,-1,143,110,185,164,22.4
1991-2000,57.5,-128.5,-7.7,1.1,9.5,-1.1,-13.9,-7.9,0.7,-6.5,-10.8,-3.4,5.1,-3.8,277,180,217,306,18
1991-2000,57.5,-127.5,-6.5,2.3,10.4,0,-13.1,-6.9,1.8,-5.4,-9.8,-2.3,6.1,-2.7,209,146,281,225,17.9
1991-2000,57.5,-126.5,-7.9,1.8,10.1,-0.4,-13.5,-7.2,1.6,-5.5,-10.7,-2.7,5.9,-3,210,139,294,256,19.1
1991-2000,57.5,-125.5,-6.2,4.9,14,2.3,-13.9,-5.4,3.4,-4.2,-10.1,-0.3,8.7,-0.9,135,112,250,181,21.5
1991-2000,57.5,-124.5,-7.8,0.1,8.9,-1,-14.4,-8.3,0.5,-6.8,-11.1,-4.1,4.7,-3.9,171,147,326,242,18.1
1991-2000,57.5,-123.5,-5.2,5.1,14.5,3.5,-14.4,-5.7,3.8,-4.9,-9.8,-0.3,9.1,-0.7,139,123,322,184,21.7
1991-2000,57.5,-122.5,-6.4,7.5,17.9,5.2,-16.3,-4.6,5.1,-4.8,-11.4,1.5,11.5,0.2,69,98,307,111,26
1991-2000,57.5,-121.5,-8.5,8.8,19.9,5.8,-19,-4.1,6.5,-4.9,-13.8,2.3,13.2,0.4,74,83,284,104,30.5
1991-2000,57.5,-120.5,-8.2,9,19.7,5.9,-19.2,-3.7,7.5,-4.7,-13.7,2.7,13.6,0.6,70,77,264,102,30.7
1991-2000,56.5,-134.5,4.5,9.6,16.3,10.3,-0.5,2.9,9.6,5.1,2,6.3,13,7.7,1069,686,551,1322,12.7
1991-2000,56.5,-133.5,1.9,8.6,16.4,8.4,-3,0.9,8.5,3,-0.6,4.8,12.4,5.7,707,477,385,877,14.8
1991-2000,56.5,-132.5,3,10.5,17.9,10.2,-1.7,2.8,10,4.6,0.6,6.6,14,7.4,553,409,371,818,15.6
1991-2000,56.5,-131.5,-4.9,4.4,13.8,3.2,-11.3,-4.3,4.5,-2.8,-8.1,0.1,9.1,0.2,1228,551,319,1274,19.8
1991-2000,56.5,-130.5,-2.9,9,17.7,6.6,-7,-0.2,8.1,1.3,-4.9,4.4,12.9,4,587,284,216,616,20.7
1991-2000,56.5,-129.5,-4.3,8.1,18.3,5.6,-10.7,-2.7,5.6,-1.3,-7.5,2.7,11.9,2.1,260,148,186,303,22.6
1991-2000,56.5,-128.5,-5.5,4.9,14.1,2.8,-11.2,-4.5,4.2,-3.1,-8.4,0.2,9.1,-0.1,208,157,253,260,20.2
1991-2000,56.5,-127.5,-5.3,7.4,16.9,4.6,-11.9,-3.5,4.8,-2.3,-8.6,1.9,10.8,1.2,171,126,212,198,22.7
1991-2000,56.5,-126.5,-7,1.3,9.5,0.1,-13.3,-7.3,1,-5.4,-10.1,-3,5.2,-2.6,181,138,257,212,17.6
1991-2000,56.5,-125.5,-6.9,6.6,15.2,3.5,-13,-4.5,3,-3.4,-10,1,9.1,0.1,181,101,186,190,22.7
1991-2000,56.5,-124.5,-7.1,8.8,18.2,5.5,-13.2,-2.8,5.4,-1.8,-10.1,3,11.8,1.9,125,71,158,135,25.9
1991-2000,56.5,-123.5,-6.1,5.6,15,3.6,-13.9,-5.5,3.4,-4.2,-10,0.1,9.2,-0.3,166,108,221,196,22.3
1991-2000,56.5,-122.5,-5.9,9.1,19.5,6.7,-14,-3.1,5.4,-2.9,-10,3,12.4,1.9,77,95,253,109,26
1991-2000,56.5,-121.5,-7.5,9.7,20.5,6.5,-16.4,-2.9,6.5,-3.2,-11.9,3.4,13.5,1.7,67,72,219,98,29.4
1991-2000,56.5,-120.5,-8.2,9.7,20.7,6.6,-18.5,-3.1,7.5,-3.6,-13.4,3.3,14.1,1.5,68,62,204,94,31.4
1991-2000,55.5,-133.5,3.7,9.6,15.9,10.1,-0.6,2.8,9.7,5,1.5,6.2,12.8,7.5,843,589,441,1116,13
1991-2000,55.5,-132.5,4,10.5,17.8,10.6,-0.7,2.9,10.1,5.1,1.6,6.7,14,7.8,724,480,323,987,14.2
1991-2000,55.5,-131.5,4.2,10.6,17.9,10.8,-0.7,3.3,10.8,5.5,1.7,7,14.3,8.2,944,645,490,1175,14.6
1991-2000,55.5,-130.5,-1.9,8.4,15.7,5.9,-8.1,-1.3,6.7,0,-5,3.6,11.2,2.9,1349,912,633,1542,18.3
1991-2000,55.5,-129.5,-1.2,9.1,18,7.1,-7,-0.3,7.9,1,-4.1,4.4,13,4.1,537,265,214,595,19.9
1991-2000,55.5,-128.5,-4.5,4.6,13.1,3.9,-11.1,-4.7,4.7,-2.7,-7.8,-0.1,8.9,0.6,600,326,299,608,19.8
1991-2000,55.5,-127.5,-5.3,2.9,12,2.2,-11.3,-5.7,3.8,-3.3,-8.3,-1.4,7.9,-0.5,341,256,274,384,18.9
1991-2000,55.5,-126.5,-4.8,7.2,16.7,5.5,-11.5,-3.8,4.7,-1.9,-8.1,1.7,10.7,1.8,224,118,206,232,22.2
1991-2000,55.5,-125.5,-6,6.3,15.6,4.5,-13.2,-4.5,3.1,-3.2,-9.6,0.9,9.3,0.6,195,104,191,212,22.5
1991-2000,55.5,-124.5,-6.8,4.7,13.9,2.9,-12.9,-5.3,2.9,-4,-9.9,-0.3,8.4,-0.5,279,172,248,287,20.8
1991-2000,55.5,-123.5,-5.4,9.2,19.8,6.9,-12.5,-2.4,5.8,-1.1,-8.9,3.4,12.8,2.9,157,96,148,173,25.7
1991-2000,55.5,-122.5,-4.5,9.5,19.8,7.3,-12.1,-2.1,5.9,-1.2,-8.3,3.7,12.8,3,208,130,179,210,25
1991-2000,55.5,-121.5,-5.1,8.6,18.9,6.6,-13.4,-3,6,-1.9,-9.3,2.8,12.4,2.4,120,106,205,156,25.3
1991-2000,55.5,-120.5,-5.5,8.9,19.4,7.1,-15.1,-3.4,6.3,-2.6,-10.3,2.8,12.9,2.3,85,82,202,116,26.8
1991-2000,54.5,-130.5,5.6,10.2,16,11.3,0.6,4.2,10.7,6.2,3.1,7.2,13.3,8.7,625,402,308,755,12.3
1991-2000,54.5,-129.5,0.3,9.8,18,8.4,-5.2,0.4,8.9,2.4,-2.4,5.1,13.5,5.4,850,428,307,850,18.6
1991-2000,54.5,-128.5,0.5,11.6,20.8,9.8,-4.2,2.1,10.5,3.8,-1.9,6.8,15.6,6.8,478,206,183,491,20.6
1991-2000,54.5,-127.5,-5.5,2.7,12.2,2.9,-11.4,-5.7,3.7,-3.2,-8.4,-1.5,7.9,-0.2,519,221,212,403,18.9
1991-2000,54.5,-126.5,-3.1,9.9,19.9,8.2,-11.6,-2.6,6.6,-1.2,-7.4,3.7,13.2,3.5,116,69,143,133,24.1
1991-2000,54.5,-125.5,-4.3,7.2,17.4,6.5,-11.1,-3.1,6.5,-1,-7.7,2,12,2.8,160,95,151,154,23.1
1991-2000,54.5,-124.5,-4,10.3,20.8,8.6,-12.8,-2.2,7.3,-0.9,-8.4,4,14,3.8,125,81,146,143,26.5
1991-2000,54.5,-123.5,-5,9.7,20.1,7.5,-12.6,-2.3,6.9,-1.3,-8.8,3.7,13.5,3.1,165,112,165,184,26.3
1991-2000,54.5,-122.5,-4.8,8.9,19.1,6.4,-11.9,-2.6,6.4,-1.4,-8.4,3.1,12.7,2.5,217,170,212,261,24.9
1991-2000,54.5,-121.5,-5,3.9,13,3.1,-12.3,-5.3,4.1,-3,-8.6,-0.7,8.5,0,284,261,333,384,20.1
1991-2000,54.5,-120.5,-5.5,4.5,14.1,3.8,-11.6,-4.4,5,-2.3,-8.6,0,9.5,0.7,282,212,248,334,21.2
1991-2000,53.5,-132.5,3.7,8.1,15.4,9.6,-0.1,2.2,8.7,5,1.8,5.1,12,7.3,912,504,293,856,11.7
1991-2000,53.5,-130.5,6.4,9.9,15.9,11.9,2.1,4.4,10.5,6.9,4.3,7.1,13.2,9.4,645,407,286,660,10.7
1991-2000,53.5,-129.5,3,10.7,17.8,10.5,-1.6,3,10.5,4.9,0.7,6.8,14.1,7.7,1604,1060,675,1739,15.9
1991-2000,53.5,-128.5,-1.3,5.5,14.3,6.5,-6.7,-1.5,6.6,0.8,-4,2,10.4,3.6,1726,946,450,1832,17.8
1991-2000,53.5,-127.5,-2.5,7.6,17.1,7.3,-10,-3.3,5.6,-0.8,-6.3,2.1,11.4,3.2,496,263,209,556,20.2
1991-2000,53.5,-126.5,-4.3,6.7,16,5.8,-11,-4.5,5.1,-2,-7.7,1.1,10.5,1.9,232,148,185,289,20.9
1991-2000,53.5,-125.5,-4.3,7.8,17.7,7.3,-11.9,-4.1,5.9,-1.8,-8.1,1.8,11.8,2.7,117,80,176,154,23
1991-2000,53.5,-124.5,-2.7,9.8,19.5,8.4,-13.1,-4.2,6,-2.5,-7.9,2.8,12.8,3,111,83,176,162,24
1991-2000,53.5,-123.5,-3.6,11.2,21.3,8.8,-12.8,-2.7,6.9,-2.1,-8.2,4.2,14.1,3.4,122,93,170,149,26.1
1991-2000,53.5,-122.5,-3.4,10.3,20.4,8.2,-11.5,-2.4,6.9,-1.4,-7.5,4,13.7,3.4,147,114,217,193,25.1
1991-2000,53.5,-121.5,-2.1,10,20,8.5,-10.5,-2.6,6,-1.4,-6.3,3.7,13,3.6,211,158,260,254,22.8
1991-2000,53.5,-120.5,-1.9,11.6,20.8,8.8,-9.7,-1.5,6.6,-0.4,-5.8,5,13.7,4.2,158,132,252,213,22.9
1991-2000,52.5,-131.5,5.3,9.4,16.8,11.1,0.9,3.1,9.4,5.7,3.1,6.2,13.1,8.4,1152,717,370,1128,11.6
1991-2000,52.5,-128.5,3.9,10.3,17.5,10.8,0,3.7,10.5,5.8,2,7,14,8.3,1218,842,559,1294,14.1
1991-2000,52.5,-127.5,0.7,9.6,17.6,8.6,-4.1,0.7,8.6,2.7,-1.7,5.2,13.1,5.7,1104,728,507,1297,17.1
1991-2000,52.5,-126.5,-1.2,7.6,15.7,6.9,-9,-3.2,5.7,-0.9,-5.1,2.2,10.7,3,466,219,193,574,18.3
1991-2000,52.5,-125.5,-2.3,9.1,18.2,8.4,-14.7,-5.2,3.8,-4.2,-8.5,1.9,11,2.1,147,83,131,180,22.1
1991-2000,52.5,-124.5,-2.2,8.9,18.7,8.2,-15.4,-5.5,3.7,-4.6,-8.8,1.7,11.2,1.8,86,73,160,112,22.7
1991-2000,52.5,-123.5,-2.6,10.3,19.8,8.7,-14.7,-4.1,5.1,-3.6,-8.6,3.1,12.5,2.5,68,60,173,101,24.5
1991-2000,52.5,-122.5,-1.8,12.2,22,10,-11.4,-1.5,7.7,-1.1,-6.6,5.3,14.8,4.4,88,74,168,112,24.8
1991-2000,52.5,-121.5,-1,12.7,22.7,10.7,-10.1,-1.3,7.6,-0.5,-5.5,5.7,15.1,5.1,136,106,190,153,24.1
1991-2000,52.5,-120.5,-5.3,4.9,14.6,4,-11,-4.9,4.3,-3.2,-8.2,0,9.5,0.4,391,292,349,452,20.2
1991-2000,52.5,-119.5,-3.3,8.5,18.3,6.6,-10.1,-2.6,6.6,-1.1,-6.7,2.9,12.4,2.7,401,278,339,427,21.7
1991-2000,52.5,-118.5,-7.5,1.9,11.2,0.7,-13.6,-7,2.2,-5.6,-10.5,-2.5,6.7,-2.4,456,266,307,464,19.5
1991-2000,51.5,-127.5,5.5,10.5,16.4,10.9,0.4,3.4,9.7,5.5,2.9,6.9,13.1,8.2,819,523,459,963,11.6
1991-2000,51.5,-126.5,-1.5,4.1,11.3,5,-9.2,-5.3,3.2,-1.8,-5.3,-0.6,7.3,1.6,1466,799,574,1564,15
1991-2000,51.5,-125.5,-3.3,2.3,10,3.3,-10.5,-6.6,2.2,-3.3,-6.9,-2.2,6.1,0,913,428,193,910,15.2
1991-2000,51.5,-124.5,-1.7,5.1,13.1,5.4,-9.8,-5.2,2.8,-2.9,-5.7,0,8,1.3,198,142,234,220,15.4
1991-2000,51.5,-123.5,-2.4,5.5,14,6,-10.3,-5.1,2.9,-2.9,-6.4,0.2,8.5,1.6,209,134,163,236,16.7
1991-2000,51.5,-122.5,-2.8,9.5,18.9,8.1,-9.4,-2.1,5.9,-1.5,-6.1,3.7,12.4,3.3,96,94,136,116,20.9
1991-2000,51.5,-121.5,-1.5,10.5,20.2,9.1,-10.2,-2.2,6.1,-1.9,-5.8,4.2,13.2,3.6,91,93,173,109,21.9
1991-2000,51.5,-120.5,-2.4,7.6,17.3,7.2,-12.2,-4.6,4.5,-2.8,-7.3,1.5,10.9,2.2,140,151,258,160,20.5
1991-2000,51.5,-119.5,-1.6,11.9,22.6,9.7,-8.4,-0.4,8.9,0.6,-5,5.8,15.7,5.1,221,149,210,216,23.6
1991-2000,51.5,-118.5,-1.8,12.5,23.6,9.6,-5.8,0.8,8.8,1.8,-3.8,6.7,16.2,5.7,365,182,194,325,22.5
1991-2000,51.5,-117.5,-3.5,11.5,22.2,8.9,-8.6,-0.7,7.4,0.1,-6,5.4,14.8,4.5,286,120,110,229,23.4
1991-2000,51.5,-116.5,-5.8,6.2,16.5,4.9,-13.2,-5.2,3.6,-4.2,-9.5,0.5,10,0.3,269,149,223,209,21.7
1991-2000,50.5,-127.5,5.9,11.2,18.4,12.1,1,3.5,9.5,5.6,3.4,7.3,14,8.9,1219,612,256,1035,12
1991-2000,50.5,-126.5,6.4,12.5,18.5,12.7,2.3,5.1,10.5,6.6,4.3,8.8,14.5,9.7,564,282,198,514,11.5
1991-2000,50.5,-125.5,2.9,10.2,17.6,9.9,-0.5,3,9.4,4.8,1.2,6.6,13.5,7.3,1046,666,298,879,13.6
1991-2000,50.5,-124.5,1.2,8,16.1,8.4,-4.9,-1.2,7.1,1.6,-1.9,3.4,11.6,5,964,683,378,885,15
1991-2000,50.5,-123.5,-1,6,14.5,6.5,-5.9,-2.7,4.7,-0.7,-3.5,1.7,9.6,2.9,681,375,242,564,14.7
1991-2000,50.5,-122.5,0.2,12.6,21.7,10.6,-4.4,0.7,7.7,1.6,-2.1,6.6,14.7,6.1,211,100,112,207,18.6
1991-2000,50.5,-121.5,-2.3,8,17.7,7.4,-8.8,-2.1,6.7,-0.9,-5.5,3,12.2,3.3,112,80,112,110,19.9
1991-2000,50.5,-120.5,-0.7,9,19,8.5,-10.6,-2.3,6.2,-1.8,-5.7,3.3,12.6,3.3,109,83,141,125,20.6
1991-2000,50.5,-119.5,-0.8,12.4,23,10.7,-7,0.4,8.7,1,-3.9,6.4,15.8,5.9,145,119,143,152,22.2
1991-2000,50.5,-118.5,-2.5,7,17,6.5,-8.7,-2.7,6.4,-1.2,-5.6,2.1,11.7,2.6,356,268,262,355,19.8
1991-2000,50.5,-117.5,-5.6,3.8,12.1,1.6,-9.6,-4.9,3.7,-3.9,-7.6,-0.5,7.9,-1.2,562,372,337,515,18.2
1991-2000,50.5,-116.5,-9.5,-2.7,6.5,-2.2,-14.9,-9.5,0.1,-8,-12.2,-6.1,3.3,-5.1,465,344,341,450,17.4
1991-2000,50.5,-115.5,-6.2,3.4,14.3,3.3,-12.7,-5.7,4.1,-4.4,-9.4,-1.1,9.2,-0.5,204,218,293,217,21.4
1991-2000,49.5,-126.5,6.9,12.1,18.6,13.2,2,4.4,10.3,6.4,4.5,8.3,14.4,9.8,1423,754,376,1099,11.2
1991-2000,49.5,-125.5,0.3,6.4,15.6,8.4,-5.1,-2,5.8,1.3,-2.4,2.2,10.7,4.8,1688,819,322,1186,14.9
1991-2000,49.5,-124.5,6.9,14.1,22.2,14.3,1.4,4.9,11.8,6.2,4.2,9.5,17,10.2,468,199,107,317,14.2
1991-2000,49.5,-123.5,6.7,13.6,20.9,13.8,2.2,5.9,12.5,7.3,4.5,9.8,16.7,10.6,839,464,241,647,13.7
1991-2000,49.5,-122.5,4.1,11.4,19.4,11.8,-1.1,2.6,9.6,4.7,1.5,7,14.5,8.2,1308,846,442,1097,14.7
1991-2000,49.5,-121.5,2.1,12.2,21.1,11.8,-2.9,2.4,9.9,3.8,-0.4,7.3,15.5,7.8,678,349,244,587,18.2
1991-2000,49.5,-120.5,0.3,14.2,24.6,13.1,-7.8,0.3,8.7,0.7,-3.8,7.3,16.6,6.9,128,77,110,105,23.2
1991-2000,49.5,-119.5,-0.9,11,21.6,10.1,-7.3,-0.5,8.3,0.4,-4.1,5.3,14.9,5.3,147,126,143,128,21.1
1991-2000,49.5,-118.5,-0.8,11.2,22.2,10.5,-8.1,-1.2,7.1,-0.4,-4.4,5,14.6,5,231,174,148,200,21.3
1991-2000,49.5,-117.5,-1.2,10.3,21,9.3,-6.3,0,9.1,1.3,-3.7,5.2,15.1,5.3,363,261,182,294,21.2
1991-2000,49.5,-116.5,-3.9,6,16.5,6,-10.4,-2.9,6.5,-2,-7.2,1.5,11.5,2,342,241,193,281,21.6
1991-2000,49.5,-115.5,-0.6,13.3,24.2,11.7,-8.1,0.2,8.2,-0.1,-4.3,6.7,16.2,5.8,102,104,134,101,23.2
1991-2000,48.5,-124.5,8.4,12.1,17.1,13.7,2.8,5.4,10.6,7,5.6,8.8,13.9,10.3,1089,521,224,751,9.4
1991-2000,48.5,-123.5,6.8,13.4,21.3,13.8,1.7,5,11.1,6.5,4.3,9.2,16.2,10.2,453,177,75,305,13.3
2000-2010,54.03333333,-130.2833333,6,9.8,16,11.2,1.5,3.9,10.6,6.2,3.7,6.8,13.3,8.7,636,494,305,822,10.6
2000-2010,52.13333333,-128.1333333,6.8,11,17.8,12.1,2.2,4.3,10.9,6.9,4.5,7.7,14.4,9.5,710,648,466,1020,10.9
2000-2010,59.45,-135.3,-0.2,9.5,18.3,8.6,-6.8,-0.2,9.7,2.3,-3.5,4.6,14,5.5,198,123,140,314,18.8
2000-2010,58.45,-135.75,1.6,8.5,16.8,8.5,-2.6,0.8,9,3.4,-0.5,4.6,12.9,6,423,234,288,650,14.3
2000-2010,58.4,-134.7,-0.8,6.5,14.5,6,-5.7,-1.5,7.1,1,-3.3,2.5,10.8,3.5,566,373,475,961,14.8
2000-2010,58.33333333,-134.5166667,1,8.8,16.8,8.1,-3.6,0.7,9.2,3.2,-1.3,4.7,13,5.7,419,277,370,733,15.1
2000-2010,57.08333333,-135.1833333,1,6.9,14.1,7.4,-2.9,-0.3,7.9,2.7,-0.9,3.3,11,5,1144,752,762,1852,12.9
2000-2010,57.06666667,-135.35,4.2,9.3,15.9,10.2,-0.7,1.5,9.5,4.5,1.7,5.4,12.7,7.4,729,495,454,1162,12
2000-2010,56.78333333,-132.9666667,2.6,9.4,17.5,9.6,-2.1,1.6,9.4,3.9,0.3,5.5,13.4,6.7,713,469,409,1061,14.1
2000-2010,55.66666667,-132.75,3.6,9.6,19.1,10.4,-0.8,2.1,10.3,4.9,1.4,5.8,14.7,7.6,801,548,360,1120,14.2
2000-2010,55.56666667,-133.05,4.7,9.6,16.6,10.9,0.1,2.5,10.3,5.5,2.4,6.1,13.5,8.2,646,461,345,894,12.2
2000-2010,55.36666667,-131.7,4.6,9.7,17.7,10.8,-0.1,2.9,10.8,5.6,2.2,6.3,14.3,8.2,968,744,548,1319,12.9
2000-2010,55.05,-131.5833333,5.4,9.7,17.2,11.1,1.3,3.8,11.1,6.4,3.4,6.8,14.2,8.8,692,564,398,912,11.8
2000-2010,54.25,-130.2666667,1.6,9.8,16.1,8.8,-2.7,0,8.5,2.8,-0.6,4.9,12.3,5.8,1323,1104,702,1703,13.9
2000-2010,59.8,-133.7833333,-8.4,5.3,17.4,4.4,-16.4,-6.4,5.8,-2.9,-12.4,-0.6,11.6,0.7,102,49,123,108,26.7
2000-2010,57.48333333,-130.2166667,-6.6,6.5,17.7,4.5,-14.3,-5.4,5.2,-2.8,-10.5,0.5,11.4,0.8,177,77,151,213,23.7
2000-2010,59.1,-129.7333333,-9.7,6.2,19,4.4,-19.3,-7.1,6.2,-4.3,-14.5,-0.5,12.6,0,123,53,129,113,29.5
2000-2010,57.46666667,-130.2,-6.1,6.4,17.4,4.3,-14.3,-5.5,5.1,-2.9,-10.2,0.4,11.2,0.7,184,83,155,222,23.4
2000-2010,58.66666667,-124.1666667,-8.9,6,18.7,4.9,-18.6,-6.4,7.1,-4.7,-13.7,-0.2,12.9,0.1,71,140,324,126,30.3
2000-2010,58.53333333,-122.7,-11.4,7.7,21.5,5.2,-20.5,-5.5,8.8,-4.4,-15.9,1.1,15.2,0.4,84,104,234,116,34.9
2000-2010,59.9,-122.0833333,-11.7,6.3,21.4,4.9,-21.6,-8.3,8.8,-4.8,-16.7,-1,15.1,0.1,82,96,227,110,35.6
2000-2010,59.98333333,-128.55,-11.9,7,20.6,4.2,-22.6,-7.8,7.4,-5.2,-17.3,-0.4,14,-0.5,114,80,181,124,33.7
2000-2010,59.05,-125.7666667,-8.5,6.4,19,5.1,-18.1,-7.1,6.4,-4.4,-13.3,-0.4,12.7,0.4,103,93,230,120,29
2000-2010,58.65,-124.7666667,-6.1,4.6,16,4,-15.6,-7.1,5.7,-4.3,-10.9,-1.2,10.8,-0.1,75,126,359,151,24.2
2000-2010,55.8,-124.8166667,-5.4,8.4,19,5.9,-12.3,-2.7,5.2,-1.6,-8.8,2.8,12.1,2.2,124,101,156,148,23.1
2000-2010,56.03333333,-122.0833333,-4.1,8.7,20.5,7.7,-12.9,-2.6,6,-1.4,-8.5,3.1,13.3,3.2,85,97,169,118,24.2
2000-2010,56.01666667,-120.6166667,-6.3,7.6,20.1,6.8,-15.7,-3.9,6.7,-2.3,-11,1.9,13.4,2.3,72,87,160,98,27
2000-2010,54.93333333,-120.25,-2.9,7.3,19.3,7.7,-13.1,-4.8,5.7,-2.3,-8,1.3,12.5,2.7,115,108,178,166,22.9
2000-2010,54.63333333,-127.4333333,-2.3,6.7,17.3,6,-9.4,-2.9,6.3,-1.1,-5.9,1.9,11.8,2.5,184,129,138,226,19.6
2000-2010,57,-122.4,-5.2,6.4,18.1,5.4,-14.2,-4.5,5,-3.5,-9.7,0.9,11.5,1,65,107,247,101,23.8
2000-2010,55.95,-123.8,-4.3,7.8,19.3,7.1,-10.1,-1.5,6,-0.2,-7.2,3.2,12.6,3.5,104,86,144,142,22.1
2000-2010,55.63333333,-127.9,-2.3,9.2,19.1,7,-8.6,-1.6,7.5,0.1,-5.5,3.8,13.3,3.6,176,152,204,259,21
2000-2010,59.5,-139.5,1.9,7.2,15,8.6,-4.3,-1,8,1.9,-1.2,3.1,11.5,5.3,913,629,596,1313,13.8
2000-2010,59.5,-138.5,-2.6,4.8,13.6,5.3,-6.2,-2.2,6.7,0.6,-4.4,1.3,10.1,3,1241,641,609,1608,15.4
2000-2010,59.5,-137.5,-5.4,2.1,12.7,2.5,-12.6,-7.1,3.7,-4.3,-9,-2.5,8.2,-0.9,1080,457,297,1066,18.4
2000-2010,59.5,-136.5,-5.5,4.4,15.5,3.6,-12.6,-5.3,5.6,-3,-9,-0.5,10.5,0.3,487,252,154,612,21.6
2000-2010,59.5,-135.5,-6.6,1.5,12.5,1.9,-15.4,-8.7,3.2,-5.8,-11,-3.6,7.8,-1.9,369,174,186,414,20.4
2000-2010,59.5,-134.5,-6.9,2.1,13.3,2,-15.4,-8.3,3.4,-5,-11.1,-3.1,8.4,-1.5,340,128,152,300,21.3
2000-2010,59.5,-133.5,-8.1,2.5,13.8,2,-16.4,-8.4,3.8,-4.8,-12.3,-2.9,8.8,-1.4,129,63,146,130,23
2000-2010,59.5,-132.5,-8,1.6,13.3,1.1,-17.7,-9.2,3.1,-5.9,-12.9,-3.8,8.2,-2.4,125,71,259,220,22.4
2000-2010,59.5,-131.5,-7.2,4.4,16.1,3.2,-17.7,-8.5,4.9,-5.1,-12.5,-2,10.5,-1,102,60,186,164,25.2
2000-2010,59.5,-130.5,-8,2.7,15.1,2.3,-17,-8.9,4.4,-5.1,-12.5,-3.1,9.8,-1.4,157,82,145,184,24.2
2000-2010,59.5,-129.5,-6.6,2.9,14.6,2.1,-16,-8.7,4,-5.2,-11.3,-2.9,9.3,-1.5,190,98,161,200,22.6
2000-2010,59.5,-128.5,-7.7,5.3,17.4,3.9,-17.6,-7.7,5.4,-4.7,-12.7,-1.2,11.4,-0.4,148,79,161,136,26.4
2000-2010,59.5,-127.5,-10.7,6.5,19.8,4.3,-20.3,-7.4,6.5,-5.1,-15.5,-0.5,13.2,-0.4,122,80,170,116,31.5
2000-2010,59.5,-126.5,-9.7,5.9,18.8,4.4,-19.7,-7.4,6.3,-4.9,-14.7,-0.8,12.5,-0.2,120,100,222,124,30.5
2000-2010,59.5,-125.5,-8,5.1,17.4,4.2,-17.9,-7.7,5.9,-4.7,-12.9,-1.3,11.7,-0.3,109,141,321,141,27.6
2000-2010,59.5,-124.5,-11.2,6.7,20.8,5.1,-20.9,-7.3,7.8,-4.7,-16.1,-0.3,14.3,0.2,91,113,271,123,34.2
2000-2010,59.5,-123.5,-13.4,6.6,22,4.9,-22,-7.9,9.1,-4.6,-17.7,-0.7,15.5,0.1,82,109,248,115,36.9
2000-2010,59.5,-122.5,-9,6.7,19.8,5,-19.6,-6.9,7.6,-4.6,-14.3,-0.1,13.7,0.2,86,108,256,120,31.7
2000-2010,59.5,-121.5,-10.3,6.5,20.6,5,-20.9,-7.2,8.6,-4.7,-15.6,-0.3,14.6,0.1,83,95,250,106,33.6
2000-2010,59.5,-120.5,-10.6,6.2,20.6,4.9,-20.9,-7.2,9,-4.7,-15.7,-0.5,14.8,0.1,71,90,266,99,33.8
2000-2010,58.5,-137.5,3,7.1,13.6,8.8,-0.8,1.7,9.5,4.8,1.1,4.4,11.6,6.8,705,514,439,1059,11.5
2000-2010,58.5,-136.5,0.7,6.8,14.9,7.3,-3.7,-0.3,8.1,2.4,-1.5,3.3,11.5,4.8,1089,649,627,1678,13.8
2000-2010,58.5,-135.5,1.5,8.6,16.9,8.7,-2.9,0.9,9.4,3.5,-0.7,4.8,13.2,6.1,466,241,286,661,14.7
2000-2010,58.5,-134.5,-3.6,3.1,12.2,3.1,-11,-6.3,3.4,-3.5,-7.3,-1.6,7.8,-0.2,924,501,758,1762,15.9
2000-2010,58.5,-133.5,-3.2,4.8,13.6,4.3,-13.6,-6,4.9,-3.4,-8.4,-0.6,9.2,0.5,947,404,513,1367,18.6
2000-2010,58.5,-132.5,-8.2,6.4,17.4,4.9,-15.4,-5.2,6.3,-2.9,-11.8,0.6,11.9,1,269,100,111,283,26.1
2000-2010,58.5,-131.5,-7.6,1.5,11.7,0.9,-16,-9.8,2.5,-5.9,-11.8,-4.2,7.1,-2.5,203,108,298,282,21.3
2000-2010,58.5,-130.5,-7,4.3,14.7,2.4,-15.5,-7.8,4,-4.8,-11.2,-1.7,9.4,-1.2,199,87,196,233,22.8
2000-2010,58.5,-129.5,-6.5,3.4,13.9,2.2,-14.7,-7.7,3.7,-4.8,-10.6,-2.1,8.8,-1.3,180,122,175,202,21.4
2000-2010,58.5,-128.5,-6.5,2,12.2,0.9,-14,-8.3,3,-5,-10.2,-3.1,7.6,-2.1,221,157,207,240,19.7
2000-2010,58.5,-127.5,-7,4.9,15.7,3.2,-15.5,-6.9,4.6,-4.3,-11.2,-1,10.1,-0.6,142,122,204,169,23.3
2000-2010,58.5,-126.5,-8.2,1,11.4,0.5,-13.8,-8.2,3.5,-5.2,-11,-3.6,7.4,-2.4,176,156,279,232,20.5
2000-2010,58.5,-125.5,-5.1,2.4,12.6,2,-12.8,-7.4,4.1,-4.5,-8.9,-2.5,8.3,-1.2,177,183,347,281,19.3
2000-2010,58.5,-124.5,-5.3,2.6,13.5,3,-14,-7.5,4.5,-4.3,-9.6,-2.5,9,-0.6,98,161,390,203,20.9
2000-2010,58.5,-123.5,-9.1,6.8,19.7,5.2,-18.8,-6,7.2,-4.5,-13.9,0.4,13.4,0.3,81,114,274,122,31.1
2000-2010,58.5,-122.5,-11,7.6,21.2,5.2,-20.2,-5.6,8.6,-4.5,-15.6,1,14.9,0.4,87,104,236,115,34.2
2000-2010,58.5,-121.5,-11.5,7.5,21.6,5.3,-20.8,-5.5,9.2,-4.6,-16.2,1,15.4,0.4,84,92,224,95,34.8
2000-2010,58.5,-120.5,-11.6,7.8,21.6,5.8,-20.7,-5.5,9.2,-4.6,-16.2,1.1,15.4,0.6,74,89,248,90,34.6
2000-2010,57.5,-135.5,2.4,8.3,15.9,8.9,-2,0.5,8.8,3.5,0.2,4.4,12.4,6.2,890,599,516,1469,13.2
2000-2010,57.5,-134.5,2.5,9,16.7,9.2,-1.9,1.4,9.7,4.1,0.3,5.2,13.2,6.6,404,247,241,666,13.6
2000-2010,57.5,-133.5,1.8,8.6,16.8,8.8,-2.8,0.9,8.7,3.1,-0.5,4.7,12.8,6,574,337,345,849,14.3
2000-2010,57.5,-132.5,-6.4,0.5,10.1,0.9,-13.3,-8.4,1.9,-5.5,-9.9,-3.9,6,-2.3,1480,702,706,1920,17.6
2000-2010,57.5,-131.5,-7.5,-1.4,8.9,-0.8,-13.1,-8.5,1,-6.4,-10.3,-4.9,5,-3.6,1018,409,219,1089,17.2
2000-2010,57.5,-130.5,-6,5.3,15.4,3.1,-13.8,-6.4,4.2,-3.6,-9.9,-0.5,9.8,-0.2,266,116,205,302,21.8
2000-2010,57.5,-129.5,-5.9,5.2,14.8,2.8,-13.2,-6.2,3.8,-4,-9.6,-0.5,9.3,-0.6,160,115,172,190,20.9
2000-2010,57.5,-128.5,-7.3,0.4,9.5,-1.1,-13,-8.2,1.4,-5.9,-10.1,-3.9,5.4,-3.5,304,202,201,343,17.4
2000-2010,57.5,-127.5,-5.9,1.8,10.5,0.2,-12,-7.1,2.6,-4.7,-8.9,-2.6,6.5,-2.2,225,162,263,242,17.5
2000-2010,57.5,-126.5,-7.2,1.5,10.3,-0.1,-12.3,-7.3,2.5,-4.9,-9.8,-2.9,6.4,-2.5,222,155,274,266,18.4
2000-2010,57.5,-125.5,-5.4,4.6,14.2,2.8,-12.7,-5.4,4.1,-3.7,-9.1,-0.4,9.2,-0.5,144,124,230,185,20.8
2000-2010,57.5,-124.5,-6.8,-0.3,9.2,-0.5,-13,-8.2,1.2,-6,-9.9,-4.2,5.2,-3.3,185,170,294,247,17.3
2000-2010,57.5,-123.5,-4.5,4.2,14.8,3.8,-13.1,-6.1,4.1,-4.1,-8.8,-0.9,9.5,-0.1,160,143,286,187,20.4
2000-2010,57.5,-122.5,-5.8,6.3,18.2,5.5,-15.1,-5.3,5.3,-3.8,-10.4,0.5,11.7,0.9,81,117,271,113,24.7
2000-2010,57.5,-121.5,-7.9,7.5,20.2,6.2,-17.8,-4.9,6.5,-3.8,-12.9,1.3,13.3,1.2,91,94,251,104,29.2
2000-2010,57.5,-120.5,-7.5,7.7,19.9,6.5,-17.8,-4.6,7.4,-3.4,-12.6,1.5,13.7,1.6,85,86,236,98,29.1
2000-2010,56.5,-134.5,4.7,8.9,16.1,10.3,0,2.3,9.7,5.2,2.3,5.6,12.9,7.7,1023,687,527,1401,11.4
2000-2010,56.5,-133.5,2.2,7.8,16.2,8.4,-2.5,0.4,8.5,3.1,-0.1,4.1,12.4,5.8,671,439,354,896,13.4
2000-2010,56.5,-132.5,3.5,9.7,17.7,10.2,-1,2.4,10.1,4.9,1.2,6.1,13.9,7.5,548,370,355,845,13.5
2000-2010,56.5,-131.5,-4.3,3.7,13.7,3.1,-10.4,-4.4,4.7,-2.3,-7.3,-0.4,9.2,0.4,1274,536,319,1378,17.9
2000-2010,56.5,-130.5,-2.3,8.3,17.6,6.5,-6,-0.2,8.5,2,-4.2,4,13.1,4.2,616,300,222,699,18.6
2000-2010,56.5,-129.5,-3.9,7.3,18.3,5.4,-9.8,-2.8,6,-0.7,-6.8,2.3,12.1,2.3,272,153,187,347,20.6
2000-2010,56.5,-128.5,-4.9,4.2,14.2,2.7,-10.3,-4.6,4.6,-2.5,-7.6,-0.2,9.4,0.1,208,162,242,288,18.7
2000-2010,56.5,-127.5,-4.6,6.9,17.1,4.6,-10.8,-3.4,5.3,-1.8,-7.7,1.8,11.2,1.4,166,130,196,208,20.9
2000-2010,56.5,-126.5,-6.1,1,9.8,0.3,-12.1,-7,1.6,-5,-9.1,-3,5.7,-2.4,170,145,234,212,17
2000-2010,56.5,-125.5,-6,6.3,15.6,3.8,-12.1,-4.2,3.3,-3.1,-9,1.1,9.5,0.3,167,111,168,180,21
2000-2010,56.5,-124.5,-6.2,8.4,18.6,5.8,-12.4,-2.6,5.4,-1.6,-9.3,2.9,12,2.1,117,79,140,124,23.7
2000-2010,56.5,-123.5,-4.9,5,15.4,3.8,-12.9,-5.3,3.4,-3.7,-8.9,-0.1,9.4,0.1,155,121,192,183,20.4
2000-2010,56.5,-122.5,-4.9,8.1,19.9,6.9,-13.2,-3.3,5.1,-2.3,-9,2.4,12.5,2.3,73,107,213,104,24
2000-2010,56.5,-121.5,-6.5,8.5,20.9,6.9,-15.4,-3.5,6.2,-2.4,-11,2.5,13.5,2.2,67,88,180,92,27.4
2000-2010,56.5,-120.5,-7.1,8.4,21,7.1,-17.2,-4,7.2,-2.6,-12.2,2.2,14.1,2.3,70,79,167,87,29.1
2000-2010,55.5,-133.5,4.1,9,16.3,10.3,-0.2,2.2,9.9,5.1,1.9,5.6,13.1,7.7,732,514,407,1031,12.2
2000-2010,55.5,-132.5,4.4,9.9,18.1,10.7,-0.2,2.4,10.3,5.2,2.1,6.1,14.2,7.9,670,468,332,958,12.9
2000-2010,55.5,-131.5,4.5,9.8,17.9,10.7,-0.1,3,11,5.7,2.2,6.4,14.5,8.2,953,720,570,1256,13
2000-2010,55.5,-130.5,-1.5,7.7,15.7,5.7,-7.2,-1.4,6.9,0.4,-4.4,3.1,11.3,3,1410,1043,734,1767,16.6
2000-2010,55.5,-129.5,-0.6,8.4,18.1,6.9,-6,-0.4,8.2,1.5,-3.3,4,13.2,4.2,525,301,221,680,18
2000-2010,55.5,-128.5,-3.6,4,13.3,3.8,-10,-4.7,5,-2.3,-6.8,-0.4,9.1,0.7,539,353,283,667,17.4
2000-2010,55.5,-127.5,-4.3,2.4,12.3,2.2,-10.1,-5.6,4.1,-3,-7.2,-1.6,8.2,-0.4,290,276,251,403,17.2
2000-2010,55.5,-126.5,-3.6,6.7,17.2,5.5,-10.4,-3.6,4.9,-1.8,-7,1.5,11,1.9,189,136,187,230,19.8
2000-2010,55.5,-125.5,-4.8,5.9,16,4.6,-12,-4.2,3.2,-3.1,-8.4,0.9,9.6,0.7,161,124,175,200,19.9
2000-2010,55.5,-124.5,-5.5,4.3,14.4,3.2,-11.7,-5,2.8,-3.9,-8.6,-0.3,8.6,-0.4,229,196,230,267,19.6
2000-2010,55.5,-123.5,-4.1,8.6,20.2,7.1,-11.3,-2.2,5.5,-0.9,-7.7,3.2,12.8,3.1,133,109,136,169,22.3
2000-2010,55.5,-122.5,-3.3,8.6,20,7.4,-10.8,-2,5.4,-0.8,-7,3.3,12.7,3.3,186,157,160,224,21.7
2000-2010,55.5,-121.5,-4,7.4,19,6.7,-12.2,-3.5,5.4,-1.6,-8.1,2,12.2,2.6,113,130,176,167,22.6
2000-2010,55.5,-120.5,-4.3,7.6,19.8,7.3,-13.7,-4.4,5.9,-2.2,-9,1.6,12.8,2.6,80,100,168,115,23.9
2000-2010,54.5,-130.5,5.8,9.4,16,11,1.2,3.9,10.8,6.3,3.5,6.7,13.4,8.6,607,482,346,826,10.9
2000-2010,54.5,-129.5,1.1,9.1,18.2,8.2,-4.3,0.4,9.2,2.7,-1.6,4.8,13.7,5.5,766,518,301,941,16.7
2000-2010,54.5,-128.5,1.5,10.9,21.1,9.7,-3.2,2,10.7,4.1,-0.9,6.5,15.9,6.9,407,232,165,528,18.6
2000-2010,54.5,-127.5,-4.3,2.1,12.6,2.7,-10.2,-5.7,4,-2.9,-7.3,-1.8,8.3,-0.1,421,244,190,431,17.3
2000-2010,54.5,-126.5,-2.1,9.2,20.3,8,-10.6,-2.6,6.8,-1.1,-6.3,3.3,13.5,3.4,94,76,129,138,22
2000-2010,54.5,-125.5,-3.2,6.6,17.8,6.5,-10,-3.2,6.6,-0.9,-6.6,1.7,12.2,2.8,132,107,140,157,20.4
2000-2010,54.5,-124.5,-2.8,9.7,21.1,8.8,-11.8,-2.4,7.3,-0.9,-7.3,3.7,14.2,3.9,104,92,140,141,23.2
2000-2010,54.5,-123.5,-3.8,9.2,20.4,7.8,-11.5,-2.5,6.6,-1.2,-7.7,3.3,13.5,3.3,141,124,160,185,22.8
2000-2010,54.5,-122.5,-3.8,8.2,19.4,6.6,-10.9,-2.9,5.8,-1.3,-7.3,2.6,12.6,2.6,202,190,205,284,22.3
2000-2010,54.5,-121.5,-3.9,3,13.2,3.2,-11.2,-5.8,3.6,-2.8,-7.6,-1.4,8.4,0.2,280,302,319,452,18.2
2000-2010,54.5,-120.5,-4.4,3.5,14.5,3.9,-10.4,-5.2,4.7,-2.2,-7.4,-0.8,9.6,0.9,264,242,224,383,19.5
2000-2010,53.5,-132.5,3.9,7.3,15.2,9.4,0.4,2,9,5.2,2.2,4.7,12.1,7.3,786,441,265,822,12
2000-2010,53.5,-130.5,6.7,9.2,15.8,11.6,2.5,4.2,10.7,6.9,4.6,6.7,13.3,9.3,601,444,276,701,10.1
2000-2010,53.5,-129.5,3.5,10,17.8,10.2,-1.2,2.7,10.7,5,1.1,6.4,14.2,7.6,1470,1148,638,1890,14.5
2000-2010,53.5,-128.5,-0.4,4.9,14.6,6.3,-6.1,-1.6,6.8,1,-3.2,1.7,10.7,3.7,1554,1048,427,2051,16
2000-2010,53.5,-127.5,-1.4,7,17.6,7.3,-9.1,-3.2,6,-0.5,-5.3,1.9,11.8,3.4,421,285,203,643,18.6
2000-2010,53.5,-126.5,-3.3,6,16.4,5.7,-10,-4.5,5.6,-1.7,-6.6,0.7,11,2,199,152,174,334,19.3
2000-2010,53.5,-125.5,-3.2,7,18.1,7.3,-10.8,-4.2,6.3,-1.5,-7,1.4,12.2,2.9,104,77,155,167,20.8
2000-2010,53.5,-124.5,-1.6,9,20,8.6,-12,-4.3,6.3,-2.3,-6.8,2.4,13.2,3.2,97,78,150,160,21.4
2000-2010,53.5,-123.5,-2.5,10.5,21.8,9.2,-11.9,-3.2,6.8,-2,-7.2,3.7,14.3,3.6,107,90,146,142,23.6
2000-2010,53.5,-122.5,-2.5,9.6,20.9,8.5,-10.7,-2.8,6.6,-1.3,-6.6,3.4,13.8,3.6,135,124,195,194,22.2
2000-2010,53.5,-121.5,-1.2,9.2,20.5,8.8,-9.8,-3.1,5.8,-1.2,-5.5,3,13.1,3.8,207,187,242,273,20.7
2000-2010,53.5,-120.5,-1,10.8,21.3,8.9,-9,-2.1,6.5,-0.3,-5,4.3,13.9,4.3,151,157,229,235,21.2
2000-2010,52.5,-131.5,5.4,8.9,16.8,10.8,1.1,2.8,9.6,5.7,3.3,5.8,13.2,8.3,947,569,312,1028,11.7
2000-2010,52.5,-128.5,4.3,9.7,17.7,10.7,0.1,3.4,10.6,5.7,2.2,6.6,14.1,8.2,1120,929,598,1448,13.5
2000-2010,52.5,-127.5,1.4,9,17.9,8.5,-3.5,0.7,8.9,2.9,-1.1,4.8,13.4,5.7,966,827,532,1529,15.9
2000-2010,52.5,-126.5,-0.1,6.9,16.2,6.8,-8,-3,6.2,-0.5,-4,2,11.2,3.1,414,256,189,701,16.6
2000-2010,52.5,-125.5,-1.1,8.4,18.8,8.5,-13.6,-5.1,4.2,-3.9,-7.4,1.6,11.5,2.3,141,91,106,211,21.4
2000-2010,52.5,-124.5,-1.1,8.3,19.5,8.4,-14.5,-5.7,3.9,-4.5,-7.8,1.3,11.7,2,87,70,112,117,22
2000-2010,52.5,-123.5,-1.6,9.8,20.7,9,-13.8,-4.4,5.1,-3.5,-7.7,2.7,12.9,2.7,71,55,121,100,23.3
2000-2010,52.5,-122.5,-0.9,11.7,22.8,10.2,-10.6,-2,7.5,-1,-5.8,4.8,15.2,4.6,92,74,134,112,23.2
2000-2010,52.5,-121.5,-0.1,12.1,23.5,10.9,-9.5,-1.8,7.4,-0.3,-4.8,5.1,15.5,5.3,134,110,163,161,22.7
2000-2010,52.5,-120.5,-4.5,4.3,15.4,4.1,-10.5,-5.3,4.2,-3,-7.5,-0.5,9.8,0.6,371,308,304,470,19.8
2000-2010,52.5,-119.5,-2.5,7.9,19,6.6,-9.6,-3,6.5,-0.9,-6,2.4,12.8,2.8,374,309,289,442,21.1
2000-2010,52.5,-118.5,-6.6,1.5,11.9,0.7,-12.7,-7.1,2.3,-5.1,-9.7,-2.8,7.1,-2.2,421,304,253,442,18.9
2000-2010,51.5,-127.5,5.8,9.9,16.6,10.8,0.7,3.3,9.9,5.6,3.3,6.6,13.2,8.2,712,569,463,1084,11.1
2000-2010,51.5,-126.5,-0.6,3.4,11.7,5,-8.4,-5,3.6,-1.4,-4.5,-0.8,7.6,1.8,1314,954,533,1802,14
2000-2010,51.5,-125.5,-2.3,1.7,10.7,3.3,-9.8,-6.4,2.5,-3,-6,-2.3,6.6,0.2,846,515,153,1004,14.7
2000-2010,51.5,-124.5,-0.6,4.7,14,5.5,-9.1,-5.1,3,-2.7,-4.9,-0.2,8.5,1.4,191,142,152,236,15.5
2000-2010,51.5,-123.5,-1.5,5.3,14.7,6.2,-9.6,-5.1,2.9,-2.7,-5.5,0.1,8.8,1.8,232,133,103,250,17.2
2000-2010,51.5,-122.5,-2,9.3,19.5,8.3,-8.6,-2.3,5.9,-1.3,-5.3,3.5,12.7,3.5,113,89,89,124,20.7
2000-2010,51.5,-121.5,-0.8,10.2,21.2,9.2,-9.6,-2.5,6,-1.7,-5.2,3.9,13.6,3.7,95,84,118,117,21.7
2000-2010,51.5,-120.5,-1.7,7.3,18.5,7.4,-11.7,-4.9,4.4,-2.6,-6.7,1.2,11.5,2.4,134,134,194,165,20.8
2000-2010,51.5,-119.5,-0.8,11.8,23.7,9.9,-7.8,-0.5,8.8,0.8,-4.3,5.6,16.3,5.4,200,135,165,212,23.2
2000-2010,51.5,-118.5,-0.8,12.6,24.6,9.8,-4.8,1.1,8.7,2.3,-2.8,6.9,16.6,6,320,180,162,313,22
2000-2010,51.5,-117.5,-2.5,11.7,23.1,9.1,-7.3,-0.4,7.3,0.8,-4.9,5.6,15.2,4.9,244,125,97,216,23.3
2000-2010,51.5,-116.5,-4.8,6.2,17.4,5.1,-11.6,-5,3.7,-3.4,-8.2,0.6,10.6,0.9,219,149,198,199,21.9
2000-2010,50.5,-127.5,6,10.4,18,11.7,1.3,3.4,9.6,5.7,3.6,6.9,13.8,8.7,1059,695,260,1113,11.8
2000-2010,50.5,-126.5,6.5,11.6,18.4,12.2,2.5,4.9,10.5,6.7,4.5,8.3,14.5,9.4,539,339,190,577,11.3
2000-2010,50.5,-125.5,3.2,9.6,18,9.5,-0.3,2.8,9.5,4.8,1.5,6.2,13.7,7.1,980,728,242,981,13.9
2000-2010,50.5,-124.5,1.7,7.6,16.7,8.3,-4.6,-1.3,7.3,1.8,-1.4,3.2,12,5,866,679,266,936,15.1
2000-2010,50.5,-123.5,-0.3,5.8,15,6.5,-5.2,-2.4,5.1,-0.2,-2.8,1.7,10.1,3.1,619,412,167,611,15.1
2000-2010,50.5,-122.5,1,12.3,22.3,10.6,-3.8,0.8,8.1,2.1,-1.4,6.5,15.2,6.3,222,122,81,240,19.1
2000-2010,50.5,-121.5,-1.5,7.6,18.5,7.6,-8.2,-2.1,7.1,-0.4,-4.8,2.8,12.8,3.6,121,93,81,126,20.4
2000-2010,50.5,-120.5,-0.1,8.5,20.1,8.7,-10.1,-2.3,6.6,-1.5,-5.1,3.1,13.3,3.6,102,83,99,122,21.1
2000-2010,50.5,-119.5,-0.2,12.1,24,11,-6.4,0.3,8.9,1.3,-3.3,6.2,16.4,6.1,125,107,109,134,22.5
2000-2010,50.5,-118.5,-1.7,7,17.9,6.7,-7.8,-2.5,6.5,-0.8,-4.8,2.3,12.2,3,300,250,224,324,19.5
2000-2010,50.5,-117.5,-4.7,4,13.1,1.8,-8.4,-4.4,3.9,-3.2,-6.6,-0.2,8.5,-0.7,477,365,296,492,18.7
2000-2010,50.5,-116.5,-8.8,-2.6,7.6,-2,-13.9,-9.3,0.4,-7.3,-11.3,-5.9,4,-4.6,385,332,306,445,17.5
2000-2010,50.5,-115.5,-5.3,3.2,15.4,3.5,-11.6,-5.6,4.4,-3.6,-8.5,-1.2,9.9,0,173,218,277,223,21.3
2000-2010,49.5,-126.5,6.8,11.2,18.3,12.6,1.9,4,10.3,6.3,4.3,7.6,14.3,9.4,1289,842,316,1185,11
2000-2010,49.5,-125.5,0.4,5.7,15.7,7.8,-4.9,-2.2,6,1.4,-2.3,1.7,10.8,4.6,1535,918,250,1312,14.8
2000-2010,49.5,-124.5,7,13.6,22.7,13.8,1.5,4.6,11.9,6.4,4.3,9.1,17.3,10.1,409,201,78,329,14.6
2000-2010,49.5,-123.5,6.9,13,21.4,13.5,2.4,5.7,12.8,7.5,4.7,9.4,17.1,10.5,723,468,181,676,14
2000-2010,49.5,-122.5,4.5,10.8,20,11.5,-0.6,2.4,9.8,4.9,1.9,6.6,14.9,8.2,1186,916,346,1181,14.8
2000-2010,49.5,-121.5,2.7,11.6,21.9,11.6,-2.2,2.3,10.3,4.2,0.3,7,16.1,7.9,651,402,188,643,18.1
2000-2010,49.5,-120.5,1,13.9,25.8,13.2,-6.9,0.6,9.4,1.3,-3,7.2,17.6,7.3,126,78,80,108,23.5
2000-2010,49.5,-119.5,-0.4,10.8,22.8,10.3,-6.6,-0.3,9.1,1.1,-3.5,5.3,15.9,5.7,135,109,109,121,22.2
2000-2010,49.5,-118.5,-0.2,11.2,23.4,10.7,-7.3,-0.9,7.9,0.2,-3.8,5.2,15.7,5.4,217,147,116,190,22.5
2000-2010,49.5,-117.5,-0.4,10.3,22.4,9.6,-5.6,0.4,9.7,1.9,-3,5.4,16.1,5.7,325,230,151,288,22
2000-2010,49.5,-116.5,-3.1,6,17.9,6.4,-9.8,-2.5,7,-1.3,-6.4,1.7,12.5,2.5,288,225,170,277,22.4
2000-2010,49.5,-115.5,0.2,13.2,25.6,12,-7.6,0.4,8.6,0.5,-3.7,6.8,17.1,6.3,89,99,124,104,24.2
2000-2010,48.5,-124.5,8.4,11.4,17.2,13.1,2.8,5.1,10.6,7.1,5.6,8.3,13.9,10.1,907,540,172,785,9.4
2000-2010,48.5,-123.5,6.9,12.8,21.6,13.4,1.8,4.7,11.2,6.5,4.3,8.8,16.4,10,405,177,59,312,13.8
2011-2020,54.03333333,-130.2833333,5.9,10.4,16.2,11.7,1.6,4.4,11.1,6.8,3.8,7.4,13.7,9.3,632,434,347,727,11.3
2011-2020,52.13333333,-128.1333333,6.7,11.9,18.3,12.8,2.1,4.9,11.3,7.5,4.4,8.4,14.8,10.2,830,554,420,896,11.8
2011-2020,59.45,-135.3,0.4,10.1,18,8.3,-5.7,1,10.3,2.4,-2.6,5.6,14.1,5.3,224,122,164,302,17.5
2011-2020,58.45,-135.75,2.1,8.9,16.6,8.6,-2.1,1.5,9.5,3.4,0,5.2,13,6,476,215,338,554,14.1
2011-2020,58.4,-134.7,-0.2,7,14.5,6.2,-5.1,-0.7,7.7,1.1,-2.7,3.2,11.1,3.7,634,380,589,861,14.7
2011-2020,58.33333333,-134.5166667,1.6,9.3,16.8,8.3,-2.9,1.5,9.8,3.4,-0.6,5.4,13.3,5.8,464,279,466,647,14.9
2011-2020,57.08333333,-135.1833333,1.2,7.2,14.1,7.4,-2.6,0.4,8.3,2.8,-0.7,3.8,11.2,5.1,1242,624,901,1624,12.9
2011-2020,57.06666667,-135.35,4.3,9.5,15.8,10.3,-0.5,2.2,9.8,4.6,1.9,5.9,12.8,7.5,798,417,534,1012,12.1
2011-2020,56.78333333,-132.9666667,2.9,10.2,17.5,9.9,-1.8,2.3,9.8,4,0.5,6.2,13.7,7,781,519,540,982,14.2
2011-2020,55.66666667,-132.75,3.9,10.6,19.1,10.9,-0.6,2.8,10.6,5.1,1.7,6.7,14.8,8,837,509,431,985,14.2
2011-2020,55.56666667,-133.05,4.9,10.5,16.5,11.3,0.3,3.2,10.6,5.6,2.6,6.9,13.6,8.5,689,429,417,792,12.2
2011-2020,55.36666667,-131.7,5.1,11,18,11.6,0.2,3.8,11.3,6,2.7,7.4,14.6,8.8,946,677,621,1166,13.2
2011-2020,55.05,-131.5833333,5.9,10.9,17.4,11.8,1.5,4.6,11.6,6.8,3.7,7.7,14.5,9.3,686,515,454,826,12.1
2011-2020,54.25,-130.2666667,1.6,10.4,16.3,9.4,-2.5,0.6,9,3.4,-0.5,5.5,12.7,6.4,1337,967,817,1509,14.7
2011-2020,59.8,-133.7833333,-7.6,5.7,16.9,4,-15,-4.9,6.6,-2.8,-11.3,0.4,11.8,0.6,114,53,132,113,24.6
2011-2020,57.48333333,-130.2166667,-5.7,7.4,17.7,4.9,-13.7,-4.3,5.9,-2.3,-9.7,1.5,11.8,1.3,184,93,200,196,22.8
2011-2020,59.1,-129.7333333,-8.5,6.7,18.9,4,-18.5,-5.7,6.9,-4.4,-13.5,0.5,12.9,-0.2,100,43,136,96,28.6
2011-2020,57.46666667,-130.2,-5.3,7.3,17.5,4.8,-13.7,-4.4,5.8,-2.5,-9.5,1.5,11.6,1.2,192,100,205,204,22.6
2011-2020,58.66666667,-124.1666667,-7.9,6.4,18.9,4.4,-17.8,-5.5,7.1,-4.8,-12.8,0.5,13,-0.2,86,126,328,110,27.9
2011-2020,58.53333333,-122.7,-10.7,8.2,22,4.8,-19.7,-4.8,9,-4.8,-15.2,1.7,15.5,0,99,106,258,120,32.9
2011-2020,59.9,-122.0833333,-11.4,6.9,22.2,4.9,-21,-7.4,9.4,-5.2,-16.2,-0.2,15.8,-0.2,77,75,236,97,34.6
2011-2020,59.98333333,-128.55,-10.6,7.6,20.5,3.6,-22,-6.4,7.9,-5.6,-16.3,0.6,14.2,-1,95,56,179,104,33
2011-2020,59.05,-125.7666667,-7.3,6.7,19,4.7,-17.3,-6,6.5,-4.6,-12.3,0.4,12.8,0,100,70,209,98,27.2
2011-2020,58.65,-124.7666667,-5.2,5,16.1,3.5,-14.7,-6,5.7,-4.3,-10,-0.5,10.9,-0.4,85,108,340,124,22.5
2011-2020,55.8,-124.8166667,-5.3,9.2,19,6.2,-12.3,-2.3,5.7,-1,-8.8,3.4,12.3,2.6,124,84,165,134,22.4
2011-2020,56.03333333,-122.0833333,-4.4,9.6,20.4,7.4,-12.5,-2.2,6.9,-1.4,-8.4,3.7,13.7,3,107,102,215,140,23.5
2011-2020,56.01666667,-120.6166667,-6.1,8.2,20.1,6.2,-14.7,-3.2,7.6,-2.7,-10.4,2.5,13.9,1.8,86,88,205,117,25.6
2011-2020,54.93333333,-120.25,-3.3,8.1,19.4,7.2,-13.1,-4.2,6.6,-2.6,-8.2,2,13,2.3,122,105,225,159,22.9
2011-2020,54.63333333,-127.4333333,-2.6,7.5,17.3,6.5,-9.5,-2.4,6.6,-0.8,-6.1,2.5,12,2.9,194,106,139,192,19.2
2011-2020,57,-122.4,-5.3,7.1,18.3,5,-13.4,-3.8,5.6,-3.3,-9.3,1.6,12,0.8,88,147,317,136,23.1
2011-2020,55.95,-123.8,-4.3,8.7,19.3,7.2,-10.1,-1,6.8,0.4,-7.2,3.8,13,3.8,110,78,158,136,21.6
2011-2020,55.63333333,-127.9,-2.5,9.9,19,7.3,-8.4,-1,7.9,0.5,-5.5,4.4,13.4,3.9,183,129,213,233,20.3
2011-2020,59.5,-139.5,2.3,7.9,15.2,8.7,-3.8,-0.3,8.5,2,-0.8,3.8,11.9,5.3,945,686,739,1239,13.6
2011-2020,59.5,-138.5,-2.2,5.6,13.7,5.3,-5.5,-1.3,7.2,0.7,-3.9,2.2,10.4,3,1293,650,782,1422,15.3
2011-2020,59.5,-137.5,-4.9,3,12.6,2.3,-11.6,-5.9,4.4,-4.1,-8.3,-1.5,8.5,-0.9,1130,364,384,833,17.8
2011-2020,59.5,-136.5,-5.1,5.2,15.3,3.3,-11.5,-4.1,6.2,-3,-8.3,0.6,10.8,0.2,532,210,191,522,20.4
2011-2020,59.5,-135.5,-6,2.1,12.2,1.6,-14.2,-7.4,3.8,-5.7,-10.1,-2.6,8,-2.1,416,160,221,394,19.3
2011-2020,59.5,-134.5,-6.1,2.6,13,1.8,-13.9,-6.8,4.1,-4.8,-10,-2.1,8.6,-1.5,372,111,166,295,19.7
2011-2020,59.5,-133.5,-7.2,3,13.5,1.7,-15,-6.9,4.7,-4.7,-11.1,-2,9.1,-1.5,138,66,157,129,21.6
2011-2020,59.5,-132.5,-7.1,2.1,13,0.9,-16.5,-7.7,4,-5.9,-11.8,-2.8,8.5,-2.5,126,76,289,210,21.8
2011-2020,59.5,-131.5,-6.4,4.9,15.8,2.8,-16.7,-7,5.8,-5.1,-11.6,-1,10.8,-1.2,98,61,210,152,24.5
2011-2020,59.5,-130.5,-7.1,3.1,14.8,1.8,-16,-7.4,5.3,-5.2,-11.5,-2.1,10.1,-1.7,134,69,153,157,23.3
2011-2020,59.5,-129.5,-5.4,3.4,14.3,1.6,-15.2,-7.3,4.7,-5.4,-10.3,-1.9,9.5,-1.9,151,72,161,168,21.7
2011-2020,59.5,-128.5,-6.4,5.8,17.3,3.4,-16.9,-6.4,5.9,-5,-11.6,-0.3,11.6,-0.8,118,55,156,113,25.5
2011-2020,59.5,-127.5,-9.4,7,19.8,3.9,-19.7,-6.3,6.8,-5.5,-14.5,0.3,13.3,-0.8,102,57,163,98,29.8
2011-2020,59.5,-126.5,-8.3,6.4,18.8,4,-18.9,-6.2,6.4,-5.2,-13.6,0.1,12.6,-0.6,105,71,205,101,28.5
2011-2020,59.5,-125.5,-6.6,5.6,17.5,3.8,-17.1,-6.6,6,-5,-11.8,-0.5,11.8,-0.6,103,106,301,112,25.7
2011-2020,59.5,-124.5,-9.9,7.2,21.1,4.9,-20.2,-6.3,7.9,-5.1,-15,0.4,14.5,-0.1,92,93,271,100,31.8
2011-2020,59.5,-123.5,-12.3,7.2,22.5,4.8,-21.2,-7.1,9.3,-5.1,-16.8,0,15.9,-0.2,83,91,259,97,35.2
2011-2020,59.5,-122.5,-8.3,7.2,20.4,4.8,-18.9,-6,7.9,-5.1,-13.6,0.6,14.2,-0.1,85,89,269,106,30.3
2011-2020,59.5,-121.5,-10.1,7,21.4,4.8,-20.2,-6.4,9.1,-5.2,-15.1,0.3,15.2,-0.2,80,75,252,100,32.7
2011-2020,59.5,-120.5,-10.7,6.6,21.6,4.6,-20.2,-6.6,9.6,-5,-15.5,0,15.6,-0.2,70,68,251,97,33.5
2011-2020,58.5,-137.5,3.5,7.8,13.4,8.8,-0.4,2.6,10,4.9,1.6,5.2,11.7,6.9,735,430,497,854,11.4
2011-2020,58.5,-136.5,1.2,7.4,14.7,7.4,-3.4,0.4,8.5,2.4,-1.1,3.9,11.6,4.9,1213,594,737,1435,13.6
2011-2020,58.5,-135.5,2.1,9.1,16.8,8.8,-2.3,1.6,9.8,3.5,-0.1,5.4,13.3,6.2,523,224,338,573,14.5
2011-2020,58.5,-134.5,-2.9,3.7,12.1,3.3,-10.1,-5.3,4,-3.3,-6.5,-0.8,8,0,998,491,945,1535,15.6
2011-2020,58.5,-133.5,-2.4,5.4,13.7,4.5,-12.5,-4.9,5.6,-3.1,-7.4,0.2,9.7,0.7,980,418,662,1229,18.4
2011-2020,58.5,-132.5,-7.3,7.1,17.5,5,-14.3,-4,7.2,-2.6,-10.8,1.5,12.3,1.2,273,107,149,262,24.8
2011-2020,58.5,-131.5,-6.6,2.2,11.7,0.9,-15,-8.7,3.4,-5.7,-10.8,-3.2,7.6,-2.4,205,137,407,266,20.6
2011-2020,58.5,-130.5,-5.9,5,14.8,2.3,-14.7,-6.5,4.8,-4.7,-10.3,-0.8,9.8,-1.2,189,102,247,216,22
2011-2020,58.5,-129.5,-5.4,4,13.9,2.1,-14,-6.5,4.3,-4.7,-9.7,-1.2,9.1,-1.3,157,120,196,178,20.5
2011-2020,58.5,-128.5,-5.4,2.5,12.2,0.6,-13.3,-7.1,3.5,-4.9,-9.4,-2.3,7.9,-2.2,186,130,209,204,18.7
2011-2020,58.5,-127.5,-6.1,5.2,15.7,2.9,-14.9,-5.7,4.8,-4.3,-10.5,-0.2,10.2,-0.7,128,97,196,146,22.3
2011-2020,58.5,-126.5,-7.5,1.3,11.4,0,-13.3,-7.2,3.5,-5.2,-10.4,-2.9,7.5,-2.6,171,125,260,200,19.5
2011-2020,58.5,-125.5,-4.4,2.6,12.6,1.5,-12.1,-6.3,4.1,-4.4,-8.2,-1.8,8.4,-1.5,192,150,322,240,18.2
2011-2020,58.5,-124.5,-4.5,2.9,13.6,2.5,-13.1,-6.5,4.6,-4.3,-8.8,-1.8,9.1,-0.9,117,144,380,174,19.9
2011-2020,58.5,-123.5,-8.3,7.3,20,4.7,-18,-5.2,7.2,-4.7,-13.2,1.1,13.6,0,99,115,298,119,28.9
2011-2020,58.5,-122.5,-10.3,8.1,21.6,4.8,-19.4,-4.9,8.8,-4.8,-14.8,1.6,15.2,0,102,107,261,122,32.3
2011-2020,58.5,-121.5,-11,7.9,22.2,4.9,-19.9,-4.9,9.5,-5,-15.5,1.5,15.8,0,94,92,238,106,33.5
2011-2020,58.5,-120.5,-11.4,8,22.4,5.3,-19.7,-5,9.5,-5.1,-15.6,1.5,16,0.1,79,82,240,100,33.4
2011-2020,57.5,-135.5,2.8,8.7,15.9,9.1,-1.8,1.1,9.2,3.5,0.5,4.9,12.5,6.3,1019,529,619,1288,13
2011-2020,57.5,-134.5,2.7,9.4,16.7,9.4,-1.6,2,10.1,4.2,0.6,5.7,13.4,6.8,456,237,310,600,13.7
2011-2020,57.5,-133.5,2.1,9.2,17,9,-2.3,1.6,9.3,3.3,-0.1,5.4,13.1,6.2,629,369,473,784,14.4
2011-2020,57.5,-132.5,-5.8,1.4,10.2,1.3,-12.5,-7.4,2.8,-5,-9.1,-3,6.5,-1.8,1548,792,986,1703,16.9
2011-2020,57.5,-131.5,-6.7,-0.4,9,-0.3,-12.3,-7.5,1.8,-5.9,-9.5,-3.9,5.4,-3.1,1097,478,314,1006,16.5
2011-2020,57.5,-130.5,-5.1,6.2,15.5,3.6,-13.1,-5.3,4.9,-3.2,-9.1,0.5,10.2,0.2,280,142,279,278,21.1
2011-2020,57.5,-129.5,-5.1,6,14.8,3.2,-12.6,-5,4.4,-3.5,-8.8,0.5,9.6,-0.2,158,136,211,170,20
2011-2020,57.5,-128.5,-6.7,0.9,9.6,-0.9,-12.5,-7.2,1.8,-5.4,-9.6,-3.1,5.7,-3.1,294,201,229,308,16.4
2011-2020,57.5,-127.5,-5.6,2.2,10.5,0.3,-11.7,-6.1,2.8,-4.2,-8.7,-2,6.7,-2,218,149,282,220,16.4
2011-2020,57.5,-126.5,-7.2,1.7,10.4,-0.2,-12.2,-6.4,2.6,-4.5,-9.7,-2.3,6.5,-2.4,231,141,289,253,17.4
2011-2020,57.5,-125.5,-5.7,4.9,14.4,2.5,-12.7,-4.7,4.2,-3.3,-9.2,0.1,9.3,-0.4,165,124,249,188,20.1
2011-2020,57.5,-124.5,-7,0.1,9.4,-0.9,-12.6,-7.3,1.4,-5.6,-9.8,-3.6,5.4,-3.3,229,183,322,261,16.7
2011-2020,57.5,-123.5,-4.5,4.8,15,3.4,-12.5,-5.2,4.5,-3.8,-8.5,-0.2,9.7,-0.2,212,183,345,225,20
2011-2020,57.5,-122.5,-5.6,6.9,18.4,5,-14.1,-4.5,5.7,-3.7,-9.9,1.2,12.1,0.6,111,156,337,147,24.1
2011-2020,57.5,-121.5,-7.6,7.9,20.5,5.6,-16.6,-4.3,7,-3.9,-12.1,1.8,13.7,0.8,113,126,300,140,28.1
2011-2020,57.5,-120.5,-7.1,7.9,20.4,5.8,-16.4,-4,7.9,-3.7,-11.7,1.9,14.1,1,100,101,248,130,28
2011-2020,56.5,-134.5,4.7,9.3,15.9,10.3,0.3,2.9,10,5.3,2.5,6.1,12.9,7.8,1072,611,636,1245,11.6
2011-2020,56.5,-133.5,2.3,8.4,16.1,8.6,-2.3,1.1,8.9,3.2,0,4.8,12.5,5.9,731,439,451,821,13.5
2011-2020,56.5,-132.5,3.8,10.7,17.7,10.7,-0.7,3.2,10.6,5.1,1.5,7,14.2,7.9,588,408,452,766,13.8
2011-2020,56.5,-131.5,-3.7,4.9,13.8,3.9,-9.7,-3.3,5.4,-1.8,-6.7,0.8,9.6,1.1,1289,555,389,1174,17.5
2011-2020,56.5,-130.5,-1.6,9.6,17.7,7.4,-5.1,1,9.3,2.7,-3.4,5.3,13.5,5.1,601,286,254,573,18
2011-2020,56.5,-129.5,-3.3,8.4,18.3,6.2,-9,-1.7,6.7,0,-6.2,3.4,12.5,3.1,270,150,208,295,19.9
2011-2020,56.5,-128.5,-4.7,5,14.2,3.3,-9.8,-3.7,5.1,-1.9,-7.3,0.7,9.6,0.7,210,152,268,258,18
2011-2020,56.5,-127.5,-4.6,7.5,17,5,-10.7,-2.6,5.6,-1.2,-7.6,2.4,11.3,1.9,166,119,217,193,20
2011-2020,56.5,-126.5,-6.2,1.6,9.8,0.6,-12.2,-6.3,1.8,-4.4,-9.2,-2.4,5.8,-1.9,174,134,261,201,16.2
2011-2020,56.5,-125.5,-6.1,7,15.7,4,-12.2,-3.6,3.7,-2.5,-9.2,1.7,9.7,0.7,180,103,191,180,20.3
2011-2020,56.5,-124.5,-6.3,9.3,18.8,6,-12.4,-2.1,5.9,-1,-9.4,3.6,12.4,2.5,134,82,167,134,23
2011-2020,56.5,-123.5,-5,5.9,15.6,3.8,-12.6,-4.6,4.2,-3.1,-8.8,0.6,9.9,0.3,190,138,231,207,20.2
2011-2020,56.5,-122.5,-5.1,8.9,19.9,6.7,-12.6,-2.7,5.9,-2.1,-8.9,3.1,12.9,2.3,97,130,275,131,23.3
2011-2020,56.5,-121.5,-6.4,9.1,20.9,6.3,-14.5,-2.9,7,-2.6,-10.5,3.1,14,1.9,87,104,236,123,26.3
2011-2020,56.5,-120.5,-6.8,8.8,21.1,6.5,-15.8,-3.2,8,-3,-11.3,2.8,14.6,1.8,85,85,204,114,27.6
2011-2020,55.5,-133.5,4.3,9.7,16.2,10.5,0,2.9,10.1,5.2,2.2,6.3,13.1,7.9,794,487,499,934,12.3
2011-2020,55.5,-132.5,4.7,11,18.2,11.3,0,3.2,10.7,5.4,2.4,7.1,14.4,8.4,686,431,392,845,13.2
2011-2020,55.5,-131.5,5,11.2,18.2,11.5,0.3,3.9,11.5,6.1,2.7,7.5,14.8,8.8,920,655,638,1095,13.3
2011-2020,55.5,-130.5,-0.9,9,15.9,6.6,-6.5,-0.3,7.6,1.1,-3.7,4.3,11.8,3.8,1332,930,775,1471,16.3
2011-2020,55.5,-129.5,-0.3,9.5,18.1,7.6,-5.3,0.6,8.8,2.2,-2.8,5.1,13.5,4.9,526,254,228,567,17.5
2011-2020,55.5,-128.5,-3.7,4.8,13.2,4.3,-9.6,-4,5.4,-1.8,-6.7,0.4,9.3,1.2,563,295,294,589,16.9
2011-2020,55.5,-127.5,-4.5,3,12.1,2.5,-10,-5.1,4.4,-2.6,-7.3,-1,8.2,0,302,227,262,359,16.9
2011-2020,55.5,-126.5,-3.9,7.3,17,5.8,-10.6,-3.3,5.1,-1.3,-7.2,2,11,2.2,191,108,196,206,19.7
2011-2020,55.5,-125.5,-4.8,6.6,16,4.9,-12.2,-3.8,3.5,-2.6,-8.5,1.4,9.8,1.1,157,96,174,171,19.8
2011-2020,55.5,-124.5,-5.4,5.1,14.3,3.4,-11.8,-4.6,3.4,-3.4,-8.6,0.2,8.8,0,221,153,226,222,19.9
2011-2020,55.5,-123.5,-4.2,9.4,20,7.2,-11.4,-1.9,6.3,-0.5,-7.8,3.8,13.2,3.4,132,89,135,145,23
2011-2020,55.5,-122.5,-3.5,9.4,19.8,7.2,-10.7,-1.6,6.4,-0.6,-7.1,3.9,13.1,3.3,201,139,174,209,21.8
2011-2020,55.5,-121.5,-4.2,8.2,18.8,6.2,-11.9,-2.9,6.4,-1.7,-8,2.6,12.6,2.3,133,128,214,174,22.6
2011-2020,55.5,-120.5,-4.4,8.4,19.7,6.8,-13.2,-3.7,6.8,-2.7,-8.8,2.3,13.2,2.1,89,97,213,120,23.7
2011-2020,54.5,-130.5,5.9,10.2,16.2,11.6,1.4,4.5,11.3,6.8,3.7,7.4,13.7,9.2,613,432,397,739,11.3
2011-2020,54.5,-129.5,1,9.9,18.3,8.8,-3.9,1.2,9.8,3.3,-1.5,5.5,14,6.1,761,405,323,781,16.5
2011-2020,54.5,-128.5,1.2,11.8,21.2,10.2,-3.2,2.6,11.2,4.5,-1,7.2,16.2,7.4,425,189,174,456,18.4
2011-2020,54.5,-127.5,-4.6,2.9,12.7,3.3,-10.3,-5.2,4.4,-2.5,-7.5,-1.1,8.5,0.4,442,199,190,364,17.9
2011-2020,54.5,-126.5,-2.3,10,20.5,8.5,-11,-2.4,7.1,-0.8,-6.6,3.8,13.8,3.8,102,71,126,121,21.8
2011-2020,54.5,-125.5,-3.3,7.2,18,6.9,-10.5,-3,6.9,-0.6,-6.9,2.1,12.5,3.1,143,92,122,130,21.6
2011-2020,54.5,-124.5,-2.7,10.3,21.3,9,-12,-2.2,7.8,-0.5,-7.4,4.1,14.5,4.2,111,74,111,110,23.6
2011-2020,54.5,-123.5,-3.8,9.8,20.4,7.9,-11.7,-2.3,7.4,-0.9,-7.7,3.7,13.9,3.5,151,104,135,148,23.3
2011-2020,54.5,-122.5,-4.1,8.8,19.3,6.6,-11.1,-2.8,6.8,-1.2,-7.6,3,13.1,2.7,218,172,195,243,22
2011-2020,54.5,-121.5,-4.5,3.6,13.2,3,-11.5,-5.5,4.6,-2.9,-8,-0.9,8.9,0,291,276,330,392,19.1
2011-2020,54.5,-120.5,-5,4.2,14.8,3.6,-10.7,-4.7,5.6,-2.4,-7.9,-0.2,10.2,0.6,268,225,258,347,20
2011-2020,53.5,-132.5,4.1,7.8,15.3,9.9,0.8,2.7,9.5,5.9,2.5,5.3,12.4,7.9,766,432,256,733,11.8
2011-2020,53.5,-130.5,6.6,9.8,16,12.1,2.6,4.8,11.2,7.6,4.6,7.3,13.6,9.8,590,384,300,625,10.8
2011-2020,53.5,-129.5,3.3,10.8,18,10.9,-1.2,3.3,11.2,5.6,1.1,7,14.6,8.3,1436,928,659,1597,14.8
2011-2020,53.5,-128.5,-0.5,5.7,14.9,7.2,-6.2,-0.9,7.4,1.6,-3.3,2.4,11.1,4.4,1523,809,411,1641,17
2011-2020,53.5,-127.5,-1.6,7.9,17.9,8.1,-9.1,-2.6,6.7,0.1,-5.4,2.7,12.3,4.1,453,230,186,511,19.3
2011-2020,53.5,-126.5,-3.5,6.9,16.7,6.4,-10.1,-3.9,6.2,-1.1,-6.8,1.5,11.4,2.7,248,147,158,281,19.9
2011-2020,53.5,-125.5,-3.3,7.8,18.4,7.8,-10.7,-3.7,6.9,-0.9,-7,2.1,12.7,3.5,138,82,137,149,21.5
2011-2020,53.5,-124.5,-1.6,9.6,20.2,9,-11.7,-3.9,7,-1.6,-6.6,2.9,13.6,3.7,131,86,132,152,22
2011-2020,53.5,-123.5,-2.6,11,21.9,9.4,-11.7,-2.8,7.5,-1.5,-7.2,4.1,14.7,3.9,145,102,141,144,23.2
2011-2020,53.5,-122.5,-2.9,10.1,21,8.6,-10.8,-2.6,7.4,-1,-6.9,3.7,14.2,3.8,170,130,199,189,22.4
2011-2020,53.5,-121.5,-1.9,9.7,20.7,8.8,-10.3,-3,6.4,-1.2,-6.1,3.4,13.5,3.8,238,175,246,245,20.9
2011-2020,53.5,-120.5,-1.9,11.2,21.6,8.9,-9.9,-2,7.1,-0.5,-5.9,4.6,14.3,4.2,167,141,231,204,21.2
2011-2020,52.5,-131.5,5.5,9.1,16.6,11.2,1.6,3.5,10.2,6.5,3.6,6.3,13.4,8.8,1024,574,304,924,11.6
2011-2020,52.5,-128.5,4.2,10.6,18.1,11.5,0.1,4,11.1,6.4,2.1,7.3,14.6,8.9,1213,756,537,1241,13.7
2011-2020,52.5,-127.5,1.2,9.9,18.4,9.3,-3.4,1.4,9.5,3.7,-1.1,5.7,13.9,6.5,1159,675,481,1257,16.2
2011-2020,52.5,-126.5,-0.2,7.9,16.5,7.5,-7.6,-2.1,6.9,0.4,-3.9,2.9,11.7,4,543,224,165,578,16.9
2011-2020,52.5,-125.5,-1.2,9.3,19.1,9,-13,-4.2,4.9,-2.9,-7.1,2.5,12,3.1,203,97,98,202,20.4
2011-2020,52.5,-124.5,-1.2,8.9,19.6,8.8,-13.9,-4.9,4.6,-3.6,-7.6,2,12.1,2.6,134,94,115,136,21
2011-2020,52.5,-123.5,-1.8,10.2,20.7,9.2,-13.5,-3.8,5.8,-2.9,-7.7,3.2,13.2,3.1,104,82,139,128,22.3
2011-2020,52.5,-122.5,-1.4,12.1,22.9,10.3,-10.7,-1.6,8.1,-0.7,-6.1,5.2,15.5,4.8,124,103,157,135,22.6
2011-2020,52.5,-121.5,-0.8,12.4,23.5,11,-9.8,-1.4,8,-0.2,-5.3,5.5,15.7,5.4,166,130,174,166,22.1
2011-2020,52.5,-120.5,-5.1,4.5,15.4,4.1,-10.9,-5,4.7,-2.8,-8,-0.3,10,0.7,426,318,299,439,20.2
2011-2020,52.5,-119.5,-3,7.9,18.8,6.5,-10,-2.7,6.9,-0.7,-6.5,2.6,12.9,2.9,421,303,288,432,21.2
2011-2020,52.5,-118.5,-7,1.5,11.8,0.6,-12.9,-6.8,2.7,-4.9,-9.9,-2.6,7.3,-2.2,484,306,276,505,19.5
2011-2020,51.5,-127.5,5.6,10.7,17.1,11.4,0.7,3.8,10.3,6.2,3.2,7.3,13.7,8.8,821,479,415,954,11.7
2011-2020,51.5,-126.5,-0.8,4.4,12.1,5.6,-8,-4.2,4.2,-0.5,-4.4,0.1,8.1,2.5,1452,727,447,1500,14.6
2011-2020,51.5,-125.5,-2.4,2.7,10.9,3.8,-9,-5.5,3.1,-2,-5.7,-1.4,7,0.9,972,453,135,894,15.3
2011-2020,51.5,-124.5,-0.8,5.4,14,5.8,-8.4,-4.3,3.7,-1.8,-4.6,0.6,8.8,2,233,150,151,249,15.4
2011-2020,51.5,-123.5,-1.9,5.7,14.6,6.2,-9.2,-4.4,3.6,-2,-5.6,0.7,9.1,2.1,291,161,111,286,16.3
2011-2020,51.5,-122.5,-2.5,9.6,19.5,8.2,-8.7,-1.6,6.6,-0.9,-5.6,4,13.1,3.7,141,112,107,143,20.1
2011-2020,51.5,-121.5,-1.3,10.5,21.2,9.2,-9.7,-1.8,6.6,-1.4,-5.5,4.3,13.9,3.9,118,109,141,123,20.9
2011-2020,51.5,-120.5,-2.1,7.5,18.3,7.4,-11.8,-4.2,5,-2.1,-7,1.7,11.6,2.6,160,159,220,169,20.3
2011-2020,51.5,-119.5,-1.1,11.8,23.3,9.8,-7.8,0.1,9.4,1.5,-4.4,6,16.4,5.6,226,148,187,229,22.4
2011-2020,51.5,-118.5,-0.9,12.6,24.2,9.7,-4.5,1.8,9.4,2.9,-2.7,7.2,16.8,6.3,355,194,176,360,20.7
2011-2020,51.5,-117.5,-2.5,11.7,22.8,9,-7.1,0.3,8,1.3,-4.8,6,15.4,5.2,296,146,104,282,22.1
2011-2020,51.5,-116.5,-4.9,6.4,17.4,5.1,-11.6,-4.1,4.4,-3,-8.3,1.2,10.9,1.1,300,186,223,274,21.1
2011-2020,50.5,-127.5,5.9,11.1,18.5,12.3,1.2,3.9,10,6.2,3.5,7.5,14.2,9.3,1076,581,219,983,12.2
2011-2020,50.5,-126.5,6.3,12.5,19,12.9,2.4,5.4,11,7.2,4.3,9,15,10,512,262,166,524,11.9
2011-2020,50.5,-125.5,2.9,10.5,18.4,10,-0.2,3.5,10,5.5,1.4,7,14.2,7.7,956,571,224,912,14.1
2011-2020,50.5,-124.5,1.3,8.4,16.8,8.6,-4.1,-0.5,7.9,2.5,-1.4,3.9,12.4,5.6,877,563,248,892,15.4
2011-2020,50.5,-123.5,-0.7,6.4,15.1,6.6,-4.8,-1.6,5.9,0.5,-2.8,2.4,10.5,3.6,606,331,146,547,15
2011-2020,50.5,-122.5,0.6,12.8,22.5,10.7,-3.6,1.7,9,2.7,-1.5,7.2,15.7,6.7,214,102,77,219,19.1
2011-2020,50.5,-121.5,-1.8,8,18.7,7.7,-8.1,-1.2,7.9,0.2,-5,3.4,13.3,3.9,130,89,88,122,20.1
2011-2020,50.5,-120.5,-0.5,8.7,20,8.7,-10,-1.5,7.3,-0.8,-5.2,3.6,13.6,3.9,136,96,118,135,20.4
2011-2020,50.5,-119.5,-0.7,12.3,23.8,11,-6.2,1.1,9.6,2,-3.5,6.7,16.7,6.5,161,142,134,167,21.6
2011-2020,50.5,-118.5,-2.1,7.2,17.8,6.7,-7.5,-1.8,7.3,0,-4.8,2.7,12.6,3.4,355,324,262,390,19.5
2011-2020,50.5,-117.5,-4.8,4.3,13.1,1.9,-8.1,-3.8,4.6,-2.5,-6.4,0.3,8.9,-0.3,544,416,296,565,17.6
2011-2020,50.5,-116.5,-8.6,-2.1,7.8,-1.7,-13.6,-8.6,1,-6.8,-11.1,-5.4,4.4,-4.2,482,366,291,534,18
2011-2020,50.5,-115.5,-5.4,3.7,16,3.8,-11.5,-4.9,5.1,-3.2,-8.5,-0.6,10.5,0.3,234,235,268,275,20.9
2011-2020,49.5,-126.5,6.5,11.9,18.6,13.1,1.9,4.7,10.8,6.9,4.2,8.3,14.7,10,1238,725,321,1097,11.8
2011-2020,49.5,-125.5,0.2,6.4,16.1,8.4,-4.8,-1.3,6.6,2.2,-2.3,2.6,11.3,5.3,1448,777,242,1204,15.7
2011-2020,49.5,-124.5,6.7,14.3,22.9,14.3,1.7,5.4,12.5,7,4.2,9.9,17.7,10.7,425,189,77,341,14.6
2011-2020,49.5,-123.5,6.5,13.7,21.7,13.9,2.6,6.4,13.3,8.1,4.5,10,17.5,11,751,445,169,672,14.4
2011-2020,49.5,-122.5,3.9,11.3,20.3,11.9,-0.6,3.1,10.4,5.5,1.7,7.2,15.4,8.7,1210,889,307,1126,15.5
2011-2020,49.5,-121.5,2.2,12,22.1,11.9,-2.1,3.2,11.1,4.9,0,7.6,16.6,8.4,698,408,171,645,18.3
2011-2020,49.5,-120.5,0.6,14.1,25.7,13.3,-6.8,1.5,10.2,2.1,-3.1,7.8,17.9,7.7,141,89,72,122,23.2
2011-2020,49.5,-119.5,-0.8,11,22.8,10.4,-6.4,0.5,9.8,1.8,-3.6,5.8,16.3,6.1,154,148,107,152,21.7
2011-2020,49.5,-118.5,-0.5,11.4,23.3,10.7,-6.9,-0.2,8.5,1,-3.7,5.6,15.9,5.9,231,200,124,234,21.8
2011-2020,49.5,-117.5,-0.6,10.6,22.3,9.7,-5.2,1.1,10.2,2.5,-2.9,5.8,16.3,6.1,340,285,145,324,21.6
2011-2020,49.5,-116.5,-3,6.5,18.1,6.5,-9.5,-1.8,7.5,-0.7,-6.3,2.3,12.8,2.9,309,249,147,316,21.7
2011-2020,49.5,-115.5,0.2,13.7,26,12.2,-7.7,0.9,9.2,0.8,-3.7,7.3,17.6,6.5,103,108,108,124,23.3
2011-2020,48.5,-124.5,8.1,12,17.5,13.6,2.9,5.8,11.1,7.6,5.5,8.9,14.3,10.6,988,542,167,815,10
2011-2020,48.5,-123.5,6.3,13.2,21.8,13.7,1.5,5.1,11.5,6.8,3.9,9.2,16.6,10.3,470,208,58,364,14.1
